choice,icca,occa,income,ich,och,id,alt,inc.room,inc.cooling,int.cooling
FALSE,0,0,20,24.5,4.09,1,ec,0,0,0
FALSE,27.28,2.95,20,7.86,4.09,1,ecc,0,20,1
FALSE,0,0,20,7.37,3.85,1,er,20,0,0
TRUE,27.28,2.95,20,8.79,3.85,1,erc,20,20,1
FALSE,0,0,20,24.08,2.26,1,gc,0,0,0
FALSE,27.28,2.95,20,9.7,2.26,1,gcc,0,20,1
FALSE,27.28,2.95,20,11.36,1.73,1,hpc,0,20,1
FALSE,0,0,50,32.71,2.69,2,ec,0,0,0
FALSE,26.49,1.63,50,8.69,2.69,2,ecc,0,50,1
FALSE,0,0,50,9.33,3.45,2,er,50,0,0
FALSE,26.49,1.63,50,7.09,3.45,2,erc,50,50,1
FALSE,0,0,50,28,2.3,2,gc,0,0,0
FALSE,26.49,1.63,50,8.77,2.3,2,gcc,0,50,1
TRUE,26.49,1.63,50,9.37,1.65,2,hpc,0,50,1
FALSE,0,0,50,31.68,5.25,3,ec,0,0,0
FALSE,22.63,2.18,50,8.86,5.25,3,ecc,0,50,1
FALSE,0,0,50,8.14,4.35,3,er,50,0,0
FALSE,22.63,2.18,50,6.94,4.35,3,erc,50,50,1
FALSE,0,0,50,25.71,2.28,3,gc,0,0,0
TRUE,22.63,2.18,50,7.43,2.28,3,gcc,0,50,1
FALSE,22.63,2.18,50,11.7,1.44,3,hpc,0,50,1
FALSE,0,0,50,26.73,4.89,4,ec,0,0,0
FALSE,25.33,2.7,50,8.93,4.89,4,ecc,0,50,1
FALSE,0,0,50,8.04,4.85,4,er,50,0,0
FALSE,25.33,2.7,50,7.22,4.85,4,erc,50,50,1
FALSE,0,0,50,29.72,2.62,4,gc,0,0,0
TRUE,25.33,2.7,50,9.18,2.62,4,gcc,0,50,1
FALSE,25.33,2.7,50,12.13,1.93,4,hpc,0,50,1
FALSE,0,0,60,28.35,3.71,5,ec,0,0,0
FALSE,25.45,2.77,60,7.02,3.71,5,ecc,0,60,1
FALSE,0,0,60,7.15,3.64,5,er,60,0,0
FALSE,25.45,2.77,60,8.44,3.64,5,erc,60,60,1
FALSE,0,0,60,23.9,2.52,5,gc,0,0,0
TRUE,25.45,2.77,60,8.05,2.52,5,gcc,0,60,1
FALSE,25.45,2.77,60,10.51,1.63,5,hpc,0,60,1
FALSE,0,0,30,21.37,3.2,6,ec,0,0,0
FALSE,19.93,2.68,30,8.03,3.2,6,ecc,0,30,1
FALSE,0,0,30,8.6,4.3,6,er,30,0,0
FALSE,19.93,2.68,30,6.22,4.3,6,erc,30,30,1
FALSE,0,0,30,27.02,1.99,6,gc,0,0,0
TRUE,19.93,2.68,30,9.32,1.99,6,gcc,0,30,1
FALSE,19.93,2.68,30,12.57,1.3,6,hpc,0,30,1
FALSE,0,0,30,28.63,3.74,7,ec,0,0,0
FALSE,27.04,2.12,30,8.78,3.74,7,ecc,0,30,1
FALSE,0,0,30,6.41,4.02,7,er,30,0,0
FALSE,27.04,2.12,30,7.36,4.02,7,erc,30,30,1
TRUE,0,0,30,22.93,2.06,7,gc,0,0,0
FALSE,27.04,2.12,30,7.11,2.06,7,gcc,0,30,1
FALSE,27.04,2.12,30,12.39,1.52,7,hpc,0,30,1
FALSE,0,0,50,27.86,4.59,8,ec,0,0,0
FALSE,18.1,2.95,50,7.48,4.59,8,ecc,0,50,1
FALSE,0,0,50,7.3,4.11,8,er,50,0,0
FALSE,18.1,2.95,50,6.72,4.11,8,erc,50,50,1
FALSE,0,0,50,26.24,2.42,8,gc,0,0,0
FALSE,18.1,2.95,50,9.38,2.42,8,gcc,0,50,1
TRUE,18.1,2.95,50,8.93,1.63,8,hpc,0,50,1
FALSE,0,0,40,22.6,4.07,9,ec,0,0,0
FALSE,22.56,2.38,40,7.39,4.07,9,ecc,0,40,1
FALSE,0,0,40,7.85,3.53,9,er,40,0,0
FALSE,22.56,2.38,40,8.79,3.53,9,erc,40,40,1
FALSE,0,0,40,23.02,2.36,9,gc,0,0,0
TRUE,22.56,2.38,40,8.08,2.36,9,gcc,0,40,1
FALSE,22.56,2.38,40,11.16,1.3,9,hpc,0,40,1
FALSE,0,0,60,27.51,4.27,10,ec,0,0,0
FALSE,25.75,2.08,60,4.88,4.27,10,ecc,0,60,1
FALSE,0,0,60,6.88,5.14,10,er,60,0,0
FALSE,25.75,2.08,60,7.46,5.14,10,erc,60,60,1
FALSE,0,0,60,19.82,2.24,10,gc,0,0,0
TRUE,25.75,2.08,60,6.24,2.24,10,gcc,0,60,1
FALSE,25.75,2.08,60,8.28,1.77,10,hpc,0,60,1
FALSE,0,0,70,27.29,3.66,11,ec,0,0,0
FALSE,23.66,1.83,70,8.7,3.66,11,ecc,0,70,1
FALSE,0,0,70,9.42,3.46,11,er,70,0,0
FALSE,23.66,1.83,70,9.24,3.46,11,erc,70,70,1
FALSE,0,0,70,23.72,1.85,11,gc,0,0,0
TRUE,23.66,1.83,70,9.63,1.85,11,gcc,0,70,1
FALSE,23.66,1.83,70,12.87,1.28,11,hpc,0,70,1
FALSE,0,0,50,27.68,4.03,12,ec,0,0,0
FALSE,21.24,2.47,50,9.97,4.03,12,ecc,0,50,1
FALSE,0,0,50,6.77,4.76,12,er,50,0,0
FALSE,21.24,2.47,50,9.16,4.76,12,erc,50,50,1
FALSE,0,0,50,23.89,2.61,12,gc,0,0,0
TRUE,21.24,2.47,50,7.41,2.61,12,gcc,0,50,1
FALSE,21.24,2.47,50,10.94,1.38,12,hpc,0,50,1
FALSE,0,0,70,22.93,3.64,13,ec,0,0,0
FALSE,29.06,1.82,70,8.17,3.64,13,ecc,0,70,1
FALSE,0,0,70,5.93,4.08,13,er,70,0,0
FALSE,29.06,1.82,70,7.21,4.08,13,erc,70,70,1
FALSE,0,0,70,21.87,2.29,13,gc,0,0,0
TRUE,29.06,1.82,70,5.84,2.29,13,gcc,0,70,1
FALSE,29.06,1.82,70,8.38,1.7,13,hpc,0,70,1
FALSE,0,0,50,25.59,5.21,14,ec,0,0,0
FALSE,18.06,2.55,50,11.19,5.21,14,ecc,0,50,1
FALSE,0,0,50,9.3,3.8,14,er,50,0,0
FALSE,18.06,2.55,50,7.87,3.8,14,erc,50,50,1
FALSE,0,0,50,25.88,2.14,14,gc,0,0,0
TRUE,18.06,2.55,50,8.02,2.14,14,gcc,0,50,1
FALSE,18.06,2.55,50,11.31,1.61,14,hpc,0,50,1
FALSE,0,0,50,30.49,4.2,15,ec,0,0,0
FALSE,20.8,2.81,50,9.54,4.2,15,ecc,0,50,1
FALSE,0,0,50,8.21,4.43,15,er,50,0,0
FALSE,20.8,2.81,50,6.97,4.43,15,erc,50,50,1
FALSE,0,0,50,26.44,1.95,15,gc,0,0,0
TRUE,20.8,2.81,50,9.28,1.95,15,gcc,0,50,1
FALSE,20.8,2.81,50,12.67,1.75,15,hpc,0,50,1
FALSE,0,0,60,25.13,3.75,16,ec,0,0,0
FALSE,24.98,1.89,60,9.2,3.75,16,ecc,0,60,1
FALSE,0,0,60,9.84,4.18,16,er,60,0,0
FALSE,24.98,1.89,60,7.09,4.18,16,erc,60,60,1
FALSE,0,0,60,22.86,2.32,16,gc,0,0,0
TRUE,24.98,1.89,60,8.33,2.32,16,gcc,0,60,1
FALSE,24.98,1.89,60,10.12,1.18,16,hpc,0,60,1
FALSE,0,0,60,25.91,4.71,17,ec,0,0,0
FALSE,25.63,2.61,60,6.57,4.71,17,ecc,0,60,1
FALSE,0,0,60,6.79,4.44,17,er,60,0,0
FALSE,25.63,2.61,60,7.88,4.44,17,erc,60,60,1
FALSE,0,0,60,17.73,2.05,17,gc,0,0,0
TRUE,25.63,2.61,60,6.12,2.05,17,gcc,0,60,1
FALSE,25.63,2.61,60,9.57,1.46,17,hpc,0,60,1
FALSE,0,0,20,16.64,4.05,18,ec,0,0,0
FALSE,22.9,2.63,20,6.22,4.05,18,ecc,0,20,1
FALSE,0,0,20,7.69,3.68,18,er,20,0,0
FALSE,22.9,2.63,20,6.56,3.68,18,erc,20,20,1
TRUE,0,0,20,17.16,2.3,18,gc,0,0,0
FALSE,22.9,2.63,20,5.63,2.3,18,gcc,0,20,1
FALSE,22.9,2.63,20,8.25,1.71,18,hpc,0,20,1
FALSE,0,0,30,25.55,3.7,19,ec,0,0,0
FALSE,25.5,2.23,30,8.33,3.7,19,ecc,0,30,1
FALSE,0,0,30,8.59,5.27,19,er,30,0,0
FALSE,25.5,2.23,30,7.3,5.27,19,erc,30,30,1
FALSE,0,0,30,21.72,2.1,19,gc,0,0,0
TRUE,25.5,2.23,30,6.92,2.1,19,gcc,0,30,1
FALSE,25.5,2.23,30,11.09,1.42,19,hpc,0,30,1
FALSE,0,0,30,28.08,3.78,20,ec,0,0,0
FALSE,20.8,2.84,30,11.37,3.78,20,ecc,0,30,1
FALSE,0,0,30,10.61,4.85,20,er,30,0,0
FALSE,20.8,2.84,30,9.09,4.85,20,erc,30,30,1
FALSE,0,0,30,26.95,2.26,20,gc,0,0,0
TRUE,20.8,2.84,30,8.29,2.26,20,gcc,0,30,1
FALSE,20.8,2.84,30,11.19,1.5,20,hpc,0,30,1
FALSE,0,0,30,27.89,2.84,21,ec,0,0,0
FALSE,25.21,2.25,30,8.33,2.84,21,ecc,0,30,1
FALSE,0,0,30,7.33,3.5,21,er,30,0,0
FALSE,25.21,2.25,30,7.34,3.5,21,erc,30,30,1
FALSE,0,0,30,32.54,2.16,21,gc,0,0,0
TRUE,25.21,2.25,30,9.81,2.16,21,gcc,0,30,1
FALSE,25.21,2.25,30,10.68,1.38,21,hpc,0,30,1
FALSE,0,0,40,26.42,3.16,22,ec,0,0,0
FALSE,25.65,2.1,40,9.08,3.16,22,ecc,0,40,1
FALSE,0,0,40,8.34,4.73,22,er,40,0,0
FALSE,25.65,2.1,40,8.52,4.73,22,erc,40,40,1
FALSE,0,0,40,22.04,2.74,22,gc,0,0,0
FALSE,25.65,2.1,40,6.67,2.74,22,gcc,0,40,1
TRUE,25.65,2.1,40,8.81,1.26,22,hpc,0,40,1
FALSE,0,0,50,25.92,4.07,23,ec,0,0,0
FALSE,25.21,2.83,50,8.06,4.07,23,ecc,0,50,1
FALSE,0,0,50,6.94,3.33,23,er,50,0,0
FALSE,25.21,2.83,50,6.34,3.33,23,erc,50,50,1
TRUE,0,0,50,14.5,2.42,23,gc,0,0,0
FALSE,25.21,2.83,50,8.95,2.42,23,gcc,0,50,1
FALSE,25.21,2.83,50,9.52,1.37,23,hpc,0,50,1
FALSE,0,0,30,29.64,4.29,24,ec,0,0,0
FALSE,24.28,2.54,30,9.18,4.29,24,ecc,0,30,1
FALSE,0,0,30,6.37,3.82,24,er,30,0,0
FALSE,24.28,2.54,30,8.06,3.82,24,erc,30,30,1
FALSE,0,0,30,25.94,2.38,24,gc,0,0,0
TRUE,24.28,2.54,30,9.82,2.38,24,gcc,0,30,1
FALSE,24.28,2.54,30,12.88,1.39,24,hpc,0,30,1
FALSE,0,0,20,29.4,2.89,25,ec,0,0,0
FALSE,20.04,2.84,20,9.59,2.89,25,ecc,0,20,1
FALSE,0,0,20,8.43,4.54,25,er,20,0,0
FALSE,20.04,2.84,20,10.7,4.54,25,erc,20,20,1
FALSE,0,0,20,22.04,2.19,25,gc,0,0,0
TRUE,20.04,2.84,20,6.6,2.19,25,gcc,0,20,1
FALSE,20.04,2.84,20,10.83,0.96,25,hpc,0,20,1
FALSE,0,0,30,20.63,3.63,26,ec,0,0,0
FALSE,30.59,2.03,30,8.38,3.63,26,ecc,0,30,1
FALSE,0,0,30,9.17,3.78,26,er,30,0,0
FALSE,30.59,2.03,30,8.09,3.78,26,erc,30,30,1
FALSE,0,0,30,25.41,2.41,26,gc,0,0,0
FALSE,30.59,2.03,30,8.94,2.41,26,gcc,0,30,1
TRUE,30.59,2.03,30,9.81,1.65,26,hpc,0,30,1
FALSE,0,0,70,26.77,4.85,27,ec,0,0,0
FALSE,27.79,2.85,70,10.16,4.85,27,ecc,0,70,1
FALSE,0,0,70,9.15,4.37,27,er,70,0,0
FALSE,27.79,2.85,70,7.67,4.37,27,erc,70,70,1
FALSE,0,0,70,26.04,2.2,27,gc,0,0,0
TRUE,27.79,2.85,70,6.21,2.2,27,gcc,0,70,1
FALSE,27.79,2.85,70,7.85,1.37,27,hpc,0,70,1
FALSE,0,0,60,25.89,3.3,28,ec,0,0,0
FALSE,25.58,2.65,60,7.85,3.3,28,ecc,0,60,1
FALSE,0,0,60,5.75,4.6,28,er,60,0,0
FALSE,25.58,2.65,60,7.57,4.6,28,erc,60,60,1
FALSE,0,0,60,23.98,1.53,28,gc,0,0,0
TRUE,25.58,2.65,60,6.63,1.53,28,gcc,0,60,1
FALSE,25.58,2.65,60,10.41,1.52,28,hpc,0,60,1
FALSE,0,0,20,18.5,4.61,29,ec,0,0,0
FALSE,22.52,2.3,20,7.01,4.61,29,ecc,0,20,1
FALSE,0,0,20,6.22,4.43,29,er,20,0,0
FALSE,22.52,2.3,20,6.29,4.43,29,erc,20,20,1
TRUE,0,0,20,23.11,1.54,29,gc,0,0,0
FALSE,22.52,2.3,20,6.06,1.54,29,gcc,0,20,1
FALSE,22.52,2.3,20,13.31,1.44,29,hpc,0,20,1
FALSE,0,0,40,25.58,5.08,30,ec,0,0,0
FALSE,29.06,2.5,40,7.55,5.08,30,ecc,0,40,1
FALSE,0,0,40,5.8,4.3,30,er,40,0,0
FALSE,29.06,2.5,40,8.2,4.3,30,erc,40,40,1
FALSE,0,0,40,26.53,2.29,30,gc,0,0,0
TRUE,29.06,2.5,40,9.73,2.29,30,gcc,0,40,1
FALSE,29.06,2.5,40,13.12,1.49,30,hpc,0,40,1
FALSE,0,0,70,18.37,4.06,31,ec,0,0,0
FALSE,22.56,2.58,70,8.81,4.06,31,ecc,0,70,1
FALSE,0,0,70,7.55,4.21,31,er,70,0,0
FALSE,22.56,2.58,70,4.5,4.21,31,erc,70,70,1
FALSE,0,0,70,21.15,1.95,31,gc,0,0,0
TRUE,22.56,2.58,70,6.56,1.95,31,gcc,0,70,1
FALSE,22.56,2.58,70,11.26,1.45,31,hpc,0,70,1
FALSE,0,0,20,25.96,4.2,32,ec,0,0,0
FALSE,25.72,2.81,20,9.09,4.2,32,ecc,0,20,1
TRUE,0,0,20,6.11,4.02,32,er,20,0,0
FALSE,25.72,2.81,20,7.38,4.02,32,erc,20,20,1
FALSE,0,0,20,26.43,2.38,32,gc,0,0,0
FALSE,25.72,2.81,20,8.41,2.38,32,gcc,0,20,1
FALSE,25.72,2.81,20,10.85,1.27,32,hpc,0,20,1
FALSE,0,0,60,20.58,4.32,33,ec,0,0,0
FALSE,26.09,2.46,60,7.97,4.32,33,ecc,0,60,1
FALSE,0,0,60,7.78,3.17,33,er,60,0,0
FALSE,26.09,2.46,60,8.56,3.17,33,erc,60,60,1
FALSE,0,0,60,20.42,1.77,33,gc,0,0,0
TRUE,26.09,2.46,60,8.22,1.77,33,gcc,0,60,1
FALSE,26.09,2.46,60,10.7,1.07,33,hpc,0,60,1
FALSE,0,0,50,24.48,3.33,34,ec,0,0,0
FALSE,26.17,2.53,50,8.08,3.33,34,ecc,0,50,1
FALSE,0,0,50,7.39,4.83,34,er,50,0,0
FALSE,26.17,2.53,50,8.17,4.83,34,erc,50,50,1
FALSE,0,0,50,24.66,2.12,34,gc,0,0,0
TRUE,26.17,2.53,50,11.16,2.12,34,gcc,0,50,1
FALSE,26.17,2.53,50,9.54,1.53,34,hpc,0,50,1
FALSE,0,0,60,25.63,3.17,35,ec,0,0,0
FALSE,23.07,2.65,60,8.62,3.17,35,ecc,0,60,1
FALSE,0,0,60,8.62,3.44,35,er,60,0,0
FALSE,23.07,2.65,60,9.8,3.44,35,erc,60,60,1
FALSE,0,0,60,22.72,2.2,35,gc,0,0,0
FALSE,23.07,2.65,60,8.83,2.2,35,gcc,0,60,1
TRUE,23.07,2.65,60,11.1,1.67,35,hpc,0,60,1
FALSE,0,0,30,25.55,4.31,36,ec,0,0,0
FALSE,31.17,1.99,30,7.04,4.31,36,ecc,0,30,1
FALSE,0,0,30,9.58,3.54,36,er,30,0,0
FALSE,31.17,1.99,30,7.37,3.54,36,erc,30,30,1
FALSE,0,0,30,28.43,2.35,36,gc,0,0,0
TRUE,31.17,1.99,30,8.37,2.35,36,gcc,0,30,1
FALSE,31.17,1.99,30,12.28,1.75,36,hpc,0,30,1
FALSE,0,0,30,27.15,4.46,37,ec,0,0,0
FALSE,25.8,2.45,30,9.65,4.46,37,ecc,0,30,1
FALSE,0,0,30,9.31,4.56,37,er,30,0,0
FALSE,25.8,2.45,30,9.28,4.56,37,erc,30,30,1
FALSE,0,0,30,26.45,3.03,37,gc,0,0,0
TRUE,25.8,2.45,30,9.93,3.03,37,gcc,0,30,1
FALSE,25.8,2.45,30,15.02,1.95,37,hpc,0,30,1
FALSE,0,0,30,21.94,3.81,38,ec,0,0,0
FALSE,28.3,2.55,30,7.59,3.81,38,ecc,0,30,1
FALSE,0,0,30,8.33,4.23,38,er,30,0,0
FALSE,28.3,2.55,30,9.33,4.23,38,erc,30,30,1
FALSE,0,0,30,26.67,2.17,38,gc,0,0,0
TRUE,28.3,2.55,30,8.52,2.17,38,gcc,0,30,1
FALSE,28.3,2.55,30,6.86,1.84,38,hpc,0,30,1
FALSE,0,0,40,29.13,4.17,39,ec,0,0,0
FALSE,24.96,2.42,40,10.14,4.17,39,ecc,0,40,1
FALSE,0,0,40,9.16,5.01,39,er,40,0,0
FALSE,24.96,2.42,40,6.9,5.01,39,erc,40,40,1
FALSE,0,0,40,25.51,1.93,39,gc,0,0,0
TRUE,24.96,2.42,40,7.13,1.93,39,gcc,0,40,1
FALSE,24.96,2.42,40,12.73,1.51,39,hpc,0,40,1
FALSE,0,0,40,21.83,2.33,40,ec,0,0,0
FALSE,29.19,2.07,40,7.71,2.33,40,ecc,0,40,1
FALSE,0,0,40,7.1,3.33,40,er,40,0,0
FALSE,29.19,2.07,40,6.82,3.33,40,erc,40,40,1
FALSE,0,0,40,13.53,1.91,40,gc,0,0,0
TRUE,29.19,2.07,40,4.99,1.91,40,gcc,0,40,1
FALSE,29.19,2.07,40,9.88,1.1,40,hpc,0,40,1
FALSE,0,0,70,20.1,3.72,41,ec,0,0,0
FALSE,24.54,2.51,70,6.98,3.72,41,ecc,0,70,1
FALSE,0,0,70,7.22,4.19,41,er,70,0,0
FALSE,24.54,2.51,70,5.97,4.19,41,erc,70,70,1
FALSE,0,0,70,20.49,2,41,gc,0,0,0
TRUE,24.54,2.51,70,5.94,2,41,gcc,0,70,1
FALSE,24.54,2.51,70,11.62,1.29,41,hpc,0,70,1
FALSE,0,0,70,17.33,3.93,42,ec,0,0,0
FALSE,24.42,2.04,70,7.68,3.93,42,ecc,0,70,1
FALSE,0,0,70,7.16,3.7,42,er,70,0,0
FALSE,24.42,2.04,70,7.05,3.7,42,erc,70,70,1
FALSE,0,0,70,16.25,1.95,42,gc,0,0,0
TRUE,24.42,2.04,70,7.17,1.95,42,gcc,0,70,1
FALSE,24.42,2.04,70,9.38,1.53,42,hpc,0,70,1
FALSE,0,0,30,20.53,3.95,43,ec,0,0,0
FALSE,24.41,2.14,30,7.22,3.95,43,ecc,0,30,1
FALSE,0,0,30,5.42,4.61,43,er,30,0,0
FALSE,24.41,2.14,30,6.96,4.61,43,erc,30,30,1
FALSE,0,0,30,24.14,2.47,43,gc,0,0,0
TRUE,24.41,2.14,30,6.75,2.47,43,gcc,0,30,1
FALSE,24.41,2.14,30,9.67,1.51,43,hpc,0,30,1
FALSE,0,0,40,24.37,4.27,44,ec,0,0,0
FALSE,27.19,2.08,40,9.77,4.27,44,ecc,0,40,1
FALSE,0,0,40,8.49,3.81,44,er,40,0,0
FALSE,27.19,2.08,40,7.49,3.81,44,erc,40,40,1
FALSE,0,0,40,22.5,2.31,44,gc,0,0,0
TRUE,27.19,2.08,40,8.41,2.31,44,gcc,0,40,1
FALSE,27.19,2.08,40,11.7,1.44,44,hpc,0,40,1
FALSE,0,0,20,25.75,4.15,45,ec,0,0,0
FALSE,22.54,3.37,20,9.82,4.15,45,ecc,0,20,1
TRUE,0,0,20,9.5,4.41,45,er,20,0,0
FALSE,22.54,3.37,20,9.11,4.41,45,erc,20,20,1
FALSE,0,0,20,28.22,2.72,45,gc,0,0,0
FALSE,22.54,3.37,20,9.27,2.72,45,gcc,0,20,1
FALSE,22.54,3.37,20,10.37,1.46,45,hpc,0,20,1
FALSE,0,0,50,26.28,5.04,46,ec,0,0,0
FALSE,22.23,2.92,50,8,5.04,46,ecc,0,50,1
FALSE,0,0,50,7.47,4.79,46,er,50,0,0
FALSE,22.23,2.92,50,10.23,4.79,46,erc,50,50,1
FALSE,0,0,50,24.43,2.26,46,gc,0,0,0
TRUE,22.23,2.92,50,7.64,2.26,46,gcc,0,50,1
FALSE,22.23,2.92,50,11.37,1.85,46,hpc,0,50,1
FALSE,0,0,60,28.08,4.73,47,ec,0,0,0
FALSE,24.75,2.59,60,7.56,4.73,47,ecc,0,60,1
FALSE,0,0,60,8.17,4.57,47,er,60,0,0
FALSE,24.75,2.59,60,8.82,4.57,47,erc,60,60,1
FALSE,0,0,60,23.91,2.42,47,gc,0,0,0
TRUE,24.75,2.59,60,8.94,2.42,47,gcc,0,60,1
FALSE,24.75,2.59,60,10.51,1.4,47,hpc,0,60,1
FALSE,0,0,20,22.81,3.55,48,ec,0,0,0
FALSE,24.42,2.48,20,5.54,3.55,48,ecc,0,20,1
FALSE,0,0,20,6.49,4.29,48,er,20,0,0
FALSE,24.42,2.48,20,9,4.29,48,erc,20,20,1
FALSE,0,0,20,25.95,1.98,48,gc,0,0,0
TRUE,24.42,2.48,20,6.34,1.98,48,gcc,0,20,1
FALSE,24.42,2.48,20,8.37,1.39,48,hpc,0,20,1
FALSE,0,0,60,21.4,4.05,49,ec,0,0,0
FALSE,21.28,3.3,60,6.13,4.05,49,ecc,0,60,1
FALSE,0,0,60,6.26,3.96,49,er,60,0,0
FALSE,21.28,3.3,60,8.92,3.96,49,erc,60,60,1
FALSE,0,0,60,23.21,1.72,49,gc,0,0,0
TRUE,21.28,3.3,60,6.22,1.72,49,gcc,0,60,1
FALSE,21.28,3.3,60,11.48,1.45,49,hpc,0,60,1
FALSE,0,0,30,30.09,3.93,50,ec,0,0,0
FALSE,30.87,2.48,30,9.16,3.93,50,ecc,0,30,1
FALSE,0,0,30,9.05,3.87,50,er,30,0,0
FALSE,30.87,2.48,30,7.52,3.87,50,erc,30,30,1
FALSE,0,0,30,24.69,2.77,50,gc,0,0,0
FALSE,30.87,2.48,30,8.81,2.77,50,gcc,0,30,1
TRUE,30.87,2.48,30,10.17,1.53,50,hpc,0,30,1
FALSE,0,0,30,21.84,3.29,51,ec,0,0,0
FALSE,25.77,2.65,30,7.57,3.29,51,ecc,0,30,1
FALSE,0,0,30,8.75,4.66,51,er,30,0,0
FALSE,25.77,2.65,30,4.92,4.66,51,erc,30,30,1
FALSE,0,0,30,23.96,2.22,51,gc,0,0,0
TRUE,25.77,2.65,30,8.77,2.22,51,gcc,0,30,1
FALSE,25.77,2.65,30,9.81,1.56,51,hpc,0,30,1
FALSE,0,0,70,28.69,3.15,52,ec,0,0,0
FALSE,24.11,2.53,70,9.18,3.15,52,ecc,0,70,1
FALSE,0,0,70,8.2,4.3,52,er,70,0,0
FALSE,24.11,2.53,70,7.99,4.3,52,erc,70,70,1
FALSE,0,0,70,24.25,2.22,52,gc,0,0,0
TRUE,24.11,2.53,70,8.89,2.22,52,gcc,0,70,1
FALSE,24.11,2.53,70,12.24,1.66,52,hpc,0,70,1
FALSE,0,0,70,28.72,4.1,53,ec,0,0,0
FALSE,26.39,2.72,70,9.19,4.1,53,ecc,0,70,1
FALSE,0,0,70,8.19,4.68,53,er,70,0,0
FALSE,26.39,2.72,70,8.41,4.68,53,erc,70,70,1
FALSE,0,0,70,27.67,2.8,53,gc,0,0,0
FALSE,26.39,2.72,70,9.26,2.8,53,gcc,0,70,1
TRUE,26.39,2.72,70,11.16,1.54,53,hpc,0,70,1
FALSE,0,0,50,28.43,5.03,54,ec,0,0,0
FALSE,22.44,2.58,50,9.95,5.03,54,ecc,0,50,1
FALSE,0,0,50,8.33,4.92,54,er,50,0,0
FALSE,22.44,2.58,50,8.43,4.92,54,erc,50,50,1
FALSE,0,0,50,29.49,2.24,54,gc,0,0,0
TRUE,22.44,2.58,50,7.65,2.24,54,gcc,0,50,1
FALSE,22.44,2.58,50,12.25,1.55,54,hpc,0,50,1
FALSE,0,0,30,19.96,4.56,55,ec,0,0,0
FALSE,22.33,2.59,30,10.13,4.56,55,ecc,0,30,1
FALSE,0,0,30,6.98,3.36,55,er,30,0,0
FALSE,22.33,2.59,30,8.21,3.36,55,erc,30,30,1
FALSE,0,0,30,25.79,2.06,55,gc,0,0,0
TRUE,22.33,2.59,30,8.28,2.06,55,gcc,0,30,1
FALSE,22.33,2.59,30,9.02,1.69,55,hpc,0,30,1
FALSE,0,0,70,28.72,4.61,56,ec,0,0,0
FALSE,22.03,2.47,70,8.49,4.61,56,ecc,0,70,1
FALSE,0,0,70,8.38,4.13,56,er,70,0,0
FALSE,22.03,2.47,70,9.23,4.13,56,erc,70,70,1
FALSE,0,0,70,34.09,1.96,56,gc,0,0,0
TRUE,22.03,2.47,70,8.91,1.96,56,gcc,0,70,1
FALSE,22.03,2.47,70,12.3,1.83,56,hpc,0,70,1
FALSE,0,0,40,23.89,3.78,57,ec,0,0,0
FALSE,25.65,2.41,40,9.26,3.78,57,ecc,0,40,1
FALSE,0,0,40,9.16,4.42,57,er,40,0,0
FALSE,25.65,2.41,40,7.5,4.42,57,erc,40,40,1
FALSE,0,0,40,31.13,2.7,57,gc,0,0,0
TRUE,25.65,2.41,40,5.37,2.7,57,gcc,0,40,1
FALSE,25.65,2.41,40,9.86,1.58,57,hpc,0,40,1
FALSE,0,0,70,29.61,4.11,58,ec,0,0,0
FALSE,29.95,2.53,70,9.55,4.11,58,ecc,0,70,1
FALSE,0,0,70,9.07,3.6,58,er,70,0,0
FALSE,29.95,2.53,70,7.93,3.6,58,erc,70,70,1
FALSE,0,0,70,25.28,2.46,58,gc,0,0,0
TRUE,29.95,2.53,70,8.65,2.46,58,gcc,0,70,1
FALSE,29.95,2.53,70,10.14,1.46,58,hpc,0,70,1
FALSE,0,0,70,28.3,4.79,59,ec,0,0,0
FALSE,28.72,2,70,9.3,4.79,59,ecc,0,70,1
FALSE,0,0,70,7.14,4.35,59,er,70,0,0
FALSE,28.72,2,70,8.25,4.35,59,erc,70,70,1
FALSE,0,0,70,22.75,2.2,59,gc,0,0,0
TRUE,28.72,2,70,8.76,2.2,59,gcc,0,70,1
FALSE,28.72,2,70,10.49,1.73,59,hpc,0,70,1
FALSE,0,0,30,29.79,5.92,60,ec,0,0,0
FALSE,26.13,2.97,30,8.76,5.92,60,ecc,0,30,1
FALSE,0,0,30,8.43,4.82,60,er,30,0,0
FALSE,26.13,2.97,30,7.89,4.82,60,erc,30,30,1
FALSE,0,0,30,31.86,2.84,60,gc,0,0,0
TRUE,26.13,2.97,30,7.53,2.84,60,gcc,0,30,1
FALSE,26.13,2.97,30,9.32,1.55,60,hpc,0,30,1
FALSE,0,0,40,20.83,3.81,61,ec,0,0,0
FALSE,26.64,2.33,40,9.47,3.81,61,ecc,0,40,1
FALSE,0,0,40,5.66,3.64,61,er,40,0,0
FALSE,26.64,2.33,40,5.46,3.64,61,erc,40,40,1
FALSE,0,0,40,16.77,1.53,61,gc,0,0,0
TRUE,26.64,2.33,40,5.28,1.53,61,gcc,0,40,1
FALSE,26.64,2.33,40,9.3,1.05,61,hpc,0,40,1
FALSE,0,0,60,28.07,3.21,62,ec,0,0,0
FALSE,19.1,3.1,60,10.06,3.21,62,ecc,0,60,1
FALSE,0,0,60,8.01,4.64,62,er,60,0,0
FALSE,19.1,3.1,60,6.09,4.64,62,erc,60,60,1
FALSE,0,0,60,24.07,1.97,62,gc,0,0,0
TRUE,19.1,3.1,60,7.98,1.97,62,gcc,0,60,1
FALSE,19.1,3.1,60,11.28,1.41,62,hpc,0,60,1
FALSE,0,0,60,22.11,4.65,63,ec,0,0,0
FALSE,27.19,2.6,60,9.02,4.65,63,ecc,0,60,1
FALSE,0,0,60,6.96,4.39,63,er,60,0,0
FALSE,27.19,2.6,60,7.75,4.39,63,erc,60,60,1
FALSE,0,0,60,18.49,2.38,63,gc,0,0,0
TRUE,27.19,2.6,60,6.12,2.38,63,gcc,0,60,1
FALSE,27.19,2.6,60,9.83,1.44,63,hpc,0,60,1
FALSE,0,0,30,27.91,4.5,64,ec,0,0,0
FALSE,28.94,2.17,30,9.15,4.5,64,ecc,0,30,1
FALSE,0,0,30,7.68,3.79,64,er,30,0,0
FALSE,28.94,2.17,30,7.45,3.79,64,erc,30,30,1
TRUE,0,0,30,23.05,2.61,64,gc,0,0,0
FALSE,28.94,2.17,30,7.65,2.61,64,gcc,0,30,1
FALSE,28.94,2.17,30,9.8,1.49,64,hpc,0,30,1
FALSE,0,0,30,29.03,3.39,65,ec,0,0,0
FALSE,22.18,2.89,30,10.13,3.39,65,ecc,0,30,1
FALSE,0,0,30,8.13,3.56,65,er,30,0,0
FALSE,22.18,2.89,30,8.08,3.56,65,erc,30,30,1
FALSE,0,0,30,29.71,2.24,65,gc,0,0,0
FALSE,22.18,2.89,30,7.93,2.24,65,gcc,0,30,1
TRUE,22.18,2.89,30,9.96,1.26,65,hpc,0,30,1
FALSE,0,0,60,22.79,4.1,66,ec,0,0,0
FALSE,22.41,2.34,60,8.22,4.1,66,ecc,0,60,1
FALSE,0,0,60,6.94,4.66,66,er,60,0,0
FALSE,22.41,2.34,60,8.11,4.66,66,erc,60,60,1
FALSE,0,0,60,25.97,2.08,66,gc,0,0,0
TRUE,22.41,2.34,60,9.27,2.08,66,gcc,0,60,1
FALSE,22.41,2.34,60,9.82,1.51,66,hpc,0,60,1
FALSE,0,0,20,30.72,3.53,67,ec,0,0,0
FALSE,22.78,2.42,20,9.72,3.53,67,ecc,0,20,1
TRUE,0,0,20,8.52,3.35,67,er,20,0,0
FALSE,22.78,2.42,20,10.37,3.35,67,erc,20,20,1
FALSE,0,0,20,25.39,1.86,67,gc,0,0,0
FALSE,22.78,2.42,20,8.13,1.86,67,gcc,0,20,1
FALSE,22.78,2.42,20,9.81,1.19,67,hpc,0,20,1
FALSE,0,0,40,33.1,4.57,68,ec,0,0,0
FALSE,27.65,2.25,40,12.06,4.57,68,ecc,0,40,1
FALSE,0,0,40,10.53,4.91,68,er,40,0,0
FALSE,27.65,2.25,40,10.31,4.91,68,erc,40,40,1
FALSE,0,0,40,28.95,2.36,68,gc,0,0,0
TRUE,27.65,2.25,40,9.43,2.36,68,gcc,0,40,1
FALSE,27.65,2.25,40,13.25,1.5,68,hpc,0,40,1
FALSE,0,0,60,28.2,3.98,69,ec,0,0,0
FALSE,25.65,2.9,60,7.89,3.98,69,ecc,0,60,1
FALSE,0,0,60,8.3,3.64,69,er,60,0,0
FALSE,25.65,2.9,60,7.33,3.64,69,erc,60,60,1
FALSE,0,0,60,31.84,1.82,69,gc,0,0,0
TRUE,25.65,2.9,60,6.68,1.82,69,gcc,0,60,1
FALSE,25.65,2.9,60,9.4,1.76,69,hpc,0,60,1
FALSE,0,0,70,20.65,3.27,70,ec,0,0,0
FALSE,26.01,2.2,70,8.47,3.27,70,ecc,0,70,1
FALSE,0,0,70,6.98,3.73,70,er,70,0,0
FALSE,26.01,2.2,70,7.48,3.73,70,erc,70,70,1
FALSE,0,0,70,26.21,1.95,70,gc,0,0,0
TRUE,26.01,2.2,70,6.6,1.95,70,gcc,0,70,1
FALSE,26.01,2.2,70,11.2,1.32,70,hpc,0,70,1
FALSE,0,0,50,32.74,4.03,71,ec,0,0,0
FALSE,18.32,2.53,50,9.39,4.03,71,ecc,0,50,1
FALSE,0,0,50,8.08,3.98,71,er,50,0,0
FALSE,18.32,2.53,50,9.68,3.98,71,erc,50,50,1
FALSE,0,0,50,25.3,2.78,71,gc,0,0,0
TRUE,18.32,2.53,50,9.89,2.78,71,gcc,0,50,1
FALSE,18.32,2.53,50,11.98,1.66,71,hpc,0,50,1
FALSE,0,0,40,27.51,4.33,72,ec,0,0,0
FALSE,23.74,2.21,40,7.45,4.33,72,ecc,0,40,1
FALSE,0,0,40,7.33,4.74,72,er,40,0,0
FALSE,23.74,2.21,40,8.15,4.74,72,erc,40,40,1
FALSE,0,0,40,19.99,2.23,72,gc,0,0,0
TRUE,23.74,2.21,40,5.09,2.23,72,gcc,0,40,1
FALSE,23.74,2.21,40,9.04,1.54,72,hpc,0,40,1
FALSE,0,0,30,20.63,3.76,73,ec,0,0,0
FALSE,23,2.09,30,8.24,3.76,73,ecc,0,30,1
FALSE,0,0,30,7.63,4.84,73,er,30,0,0
FALSE,23,2.09,30,7.36,4.84,73,erc,30,30,1
FALSE,0,0,30,21.7,2.5,73,gc,0,0,0
TRUE,23,2.09,30,5.75,2.5,73,gcc,0,30,1
FALSE,23,2.09,30,9.83,1.79,73,hpc,0,30,1
FALSE,0,0,60,18.68,3.83,74,ec,0,0,0
FALSE,24.82,2.4,60,6.35,3.83,74,ecc,0,60,1
FALSE,0,0,60,6.6,3.45,74,er,60,0,0
FALSE,24.82,2.4,60,7.6,3.45,74,erc,60,60,1
FALSE,0,0,60,23.53,1.71,74,gc,0,0,0
TRUE,24.82,2.4,60,4.75,1.71,74,gcc,0,60,1
FALSE,24.82,2.4,60,7.79,1.19,74,hpc,0,60,1
FALSE,0,0,20,31.67,4.96,75,ec,0,0,0
FALSE,24.05,2.31,20,10.79,4.96,75,ecc,0,20,1
TRUE,0,0,20,8.6,3.84,75,er,20,0,0
FALSE,24.05,2.31,20,10.72,3.84,75,erc,20,20,1
FALSE,0,0,20,30.07,2.05,75,gc,0,0,0
FALSE,24.05,2.31,20,8.91,2.05,75,gcc,0,20,1
FALSE,24.05,2.31,20,14.92,1.41,75,hpc,0,20,1
FALSE,0,0,20,20.63,4.24,76,ec,0,0,0
FALSE,24.62,2.26,20,8.52,4.24,76,ecc,0,20,1
FALSE,0,0,20,8.3,3.96,76,er,20,0,0
FALSE,24.62,2.26,20,6.31,3.96,76,erc,20,20,1
TRUE,0,0,20,23.29,1.74,76,gc,0,0,0
FALSE,24.62,2.26,20,7.07,1.74,76,gcc,0,20,1
FALSE,24.62,2.26,20,8.86,1.42,76,hpc,0,20,1
FALSE,0,0,50,33.27,5.22,77,ec,0,0,0
FALSE,30.37,2.41,50,9.01,5.22,77,ecc,0,50,1
FALSE,0,0,50,9.41,4.37,77,er,50,0,0
FALSE,30.37,2.41,50,8.29,4.37,77,erc,50,50,1
FALSE,0,0,50,31.52,2.42,77,gc,0,0,0
TRUE,30.37,2.41,50,9.6,2.42,77,gcc,0,50,1
FALSE,30.37,2.41,50,10.78,1.24,77,hpc,0,50,1
FALSE,0,0,40,24.3,3.24,78,ec,0,0,0
FALSE,25.15,2.88,40,8.79,3.24,78,ecc,0,40,1
FALSE,0,0,40,8.02,3.09,78,er,40,0,0
FALSE,25.15,2.88,40,8.19,3.09,78,erc,40,40,1
FALSE,0,0,40,27.22,1.63,78,gc,0,0,0
TRUE,25.15,2.88,40,5.16,1.63,78,gcc,0,40,1
FALSE,25.15,2.88,40,7.59,1.61,78,hpc,0,40,1
FALSE,0,0,70,26.16,3.96,79,ec,0,0,0
FALSE,22.82,2.35,70,7.91,3.96,79,ecc,0,70,1
FALSE,0,0,70,6.46,3.98,79,er,70,0,0
FALSE,22.82,2.35,70,6.52,3.98,79,erc,70,70,1
FALSE,0,0,70,29.13,2.2,79,gc,0,0,0
FALSE,22.82,2.35,70,8.68,2.2,79,gcc,0,70,1
TRUE,22.82,2.35,70,9.5,1.41,79,hpc,0,70,1
FALSE,0,0,40,19.91,4.57,80,ec,0,0,0
FALSE,30.16,2.43,40,7.76,4.57,80,ecc,0,40,1
FALSE,0,0,40,7.95,4.31,80,er,40,0,0
FALSE,30.16,2.43,40,6.59,4.31,80,erc,40,40,1
FALSE,0,0,40,29.1,2.2,80,gc,0,0,0
TRUE,30.16,2.43,40,7.58,2.2,80,gcc,0,40,1
FALSE,30.16,2.43,40,11.54,1.39,80,hpc,0,40,1
FALSE,0,0,30,23.95,4.37,81,ec,0,0,0
FALSE,30.62,2.04,30,7.91,4.37,81,ecc,0,30,1
FALSE,0,0,30,6.81,3.61,81,er,30,0,0
FALSE,30.62,2.04,30,7.16,3.61,81,erc,30,30,1
FALSE,0,0,30,22.71,1.53,81,gc,0,0,0
TRUE,30.62,2.04,30,7.4,1.53,81,gcc,0,30,1
FALSE,30.62,2.04,30,8.27,1.49,81,hpc,0,30,1
FALSE,0,0,70,26.21,4.35,82,ec,0,0,0
FALSE,24.04,2.66,70,7.77,4.35,82,ecc,0,70,1
FALSE,0,0,70,6.66,3.13,82,er,70,0,0
FALSE,24.04,2.66,70,9.4,3.13,82,erc,70,70,1
FALSE,0,0,70,30.53,2.25,82,gc,0,0,0
FALSE,24.04,2.66,70,8.98,2.25,82,gcc,0,70,1
TRUE,24.04,2.66,70,10.96,1.18,82,hpc,0,70,1
FALSE,0,0,40,21.55,4.15,83,ec,0,0,0
FALSE,25.33,2.2,40,8.66,4.15,83,ecc,0,40,1
FALSE,0,0,40,6.52,4.45,83,er,40,0,0
FALSE,25.33,2.2,40,9.16,4.45,83,erc,40,40,1
FALSE,0,0,40,29.12,2.65,83,gc,0,0,0
TRUE,25.33,2.2,40,8.25,2.65,83,gcc,0,40,1
FALSE,25.33,2.2,40,12.64,1.79,83,hpc,0,40,1
FALSE,0,0,30,31.8,3.25,84,ec,0,0,0
FALSE,27.5,2.16,30,9.71,3.25,84,ecc,0,30,1
FALSE,0,0,30,8.1,3.87,84,er,30,0,0
FALSE,27.5,2.16,30,9.34,3.87,84,erc,30,30,1
FALSE,0,0,30,31.26,2.22,84,gc,0,0,0
FALSE,27.5,2.16,30,10.5,2.22,84,gcc,0,30,1
TRUE,27.5,2.16,30,10.31,1.57,84,hpc,0,30,1
FALSE,0,0,30,28.6,4.35,85,ec,0,0,0
FALSE,24.22,2.97,30,8.93,4.35,85,ecc,0,30,1
FALSE,0,0,30,9.37,4.03,85,er,30,0,0
FALSE,24.22,2.97,30,5.41,4.03,85,erc,30,30,1
FALSE,0,0,30,24.78,1.91,85,gc,0,0,0
TRUE,24.22,2.97,30,6.7,1.91,85,gcc,0,30,1
FALSE,24.22,2.97,30,10.34,1.39,85,hpc,0,30,1
FALSE,0,0,20,22.51,4.29,86,ec,0,0,0
FALSE,20.33,2.46,20,6.63,4.29,86,ecc,0,20,1
FALSE,0,0,20,6.14,3.94,86,er,20,0,0
FALSE,20.33,2.46,20,8.86,3.94,86,erc,20,20,1
FALSE,0,0,20,25.26,2.7,86,gc,0,0,0
TRUE,20.33,2.46,20,9.1,2.7,86,gcc,0,20,1
FALSE,20.33,2.46,20,10.84,1.16,86,hpc,0,20,1
FALSE,0,0,70,22.84,4.84,87,ec,0,0,0
FALSE,24.42,2.46,70,7.57,4.84,87,ecc,0,70,1
FALSE,0,0,70,5.05,4,87,er,70,0,0
FALSE,24.42,2.46,70,7.87,4,87,erc,70,70,1
FALSE,0,0,70,23.89,2.15,87,gc,0,0,0
TRUE,24.42,2.46,70,7.64,2.15,87,gcc,0,70,1
FALSE,24.42,2.46,70,9.72,1.67,87,hpc,0,70,1
FALSE,0,0,50,26.19,4.68,88,ec,0,0,0
FALSE,19.67,3.09,50,9.72,4.68,88,ecc,0,50,1
FALSE,0,0,50,7.31,4.42,88,er,50,0,0
FALSE,19.67,3.09,50,6.86,4.42,88,erc,50,50,1
FALSE,0,0,50,24.01,2.74,88,gc,0,0,0
TRUE,19.67,3.09,50,7.71,2.74,88,gcc,0,50,1
FALSE,19.67,3.09,50,10.21,1.53,88,hpc,0,50,1
FALSE,0,0,60,22.17,5.1,89,ec,0,0,0
FALSE,29.19,2.28,60,9.91,5.1,89,ecc,0,60,1
FALSE,0,0,60,8.39,3.5,89,er,60,0,0
FALSE,29.19,2.28,60,8.89,3.5,89,erc,60,60,1
FALSE,0,0,60,29.12,2.35,89,gc,0,0,0
TRUE,29.19,2.28,60,8.16,2.35,89,gcc,0,60,1
FALSE,29.19,2.28,60,12,1.82,89,hpc,0,60,1
FALSE,0,0,40,25.82,4.49,90,ec,0,0,0
FALSE,26.22,2.5,40,9.69,4.49,90,ecc,0,40,1
FALSE,0,0,40,6.8,4.63,90,er,40,0,0
FALSE,26.22,2.5,40,7.52,4.63,90,erc,40,40,1
FALSE,0,0,40,29.96,1.67,90,gc,0,0,0
TRUE,26.22,2.5,40,8.62,1.67,90,gcc,0,40,1
FALSE,26.22,2.5,40,10.91,1.65,90,hpc,0,40,1
FALSE,0,0,40,26.27,3.22,91,ec,0,0,0
FALSE,31.64,2.05,40,8.37,3.22,91,ecc,0,40,1
FALSE,0,0,40,9.52,4.35,91,er,40,0,0
FALSE,31.64,2.05,40,8.94,4.35,91,erc,40,40,1
FALSE,0,0,40,24.18,2.24,91,gc,0,0,0
TRUE,31.64,2.05,40,8.38,2.24,91,gcc,0,40,1
FALSE,31.64,2.05,40,11.37,1.71,91,hpc,0,40,1
FALSE,0,0,20,30.56,4.67,92,ec,0,0,0
FALSE,23.3,2.59,20,8.32,4.67,92,ecc,0,20,1
FALSE,0,0,20,7.2,5.19,92,er,20,0,0
FALSE,23.3,2.59,20,8.65,5.19,92,erc,20,20,1
FALSE,0,0,20,24.07,2.63,92,gc,0,0,0
TRUE,23.3,2.59,20,7.14,2.63,92,gcc,0,20,1
FALSE,23.3,2.59,20,12.66,1.47,92,hpc,0,20,1
FALSE,0,0,50,26.57,4.59,93,ec,0,0,0
FALSE,27.6,2.23,50,8.5,4.59,93,ecc,0,50,1
FALSE,0,0,50,9.14,4.98,93,er,50,0,0
FALSE,27.6,2.23,50,9.47,4.98,93,erc,50,50,1
FALSE,0,0,50,27.08,3.09,93,gc,0,0,0
TRUE,27.6,2.23,50,7.3,3.09,93,gcc,0,50,1
FALSE,27.6,2.23,50,11.06,1.67,93,hpc,0,50,1
FALSE,0,0,70,30.67,4.32,94,ec,0,0,0
FALSE,24.56,2.18,70,9.65,4.32,94,ecc,0,70,1
FALSE,0,0,70,7.83,4.23,94,er,70,0,0
FALSE,24.56,2.18,70,9.68,4.23,94,erc,70,70,1
FALSE,0,0,70,25.37,2.15,94,gc,0,0,0
TRUE,24.56,2.18,70,8.79,2.15,94,gcc,0,70,1
FALSE,24.56,2.18,70,10.47,0.87,94,hpc,0,70,1
FALSE,0,0,40,28.1,4.51,95,ec,0,0,0
FALSE,26.52,2.72,40,9.22,4.51,95,ecc,0,40,1
FALSE,0,0,40,7.95,4.65,95,er,40,0,0
FALSE,26.52,2.72,40,8.46,4.65,95,erc,40,40,1
FALSE,0,0,40,26.13,1.69,95,gc,0,0,0
TRUE,26.52,2.72,40,8.38,1.69,95,gcc,0,40,1
FALSE,26.52,2.72,40,12.85,1.46,95,hpc,0,40,1
FALSE,0,0,20,28,3.97,96,ec,0,0,0
FALSE,26.94,2.16,20,8.47,3.97,96,ecc,0,20,1
FALSE,0,0,20,8.66,4.5,96,er,20,0,0
FALSE,26.94,2.16,20,9.58,4.5,96,erc,20,20,1
FALSE,0,0,20,26.89,2.66,96,gc,0,0,0
TRUE,26.94,2.16,20,8.37,2.66,96,gcc,0,20,1
FALSE,26.94,2.16,20,11.04,1.06,96,hpc,0,20,1
FALSE,0,0,20,30.72,4.39,97,ec,0,0,0
FALSE,26.79,2.6,20,8.94,4.39,97,ecc,0,20,1
FALSE,0,0,20,10.09,4.33,97,er,20,0,0
FALSE,26.79,2.6,20,7.83,4.33,97,erc,20,20,1
FALSE,0,0,20,26.99,2.1,97,gc,0,0,0
TRUE,26.79,2.6,20,8.44,2.1,97,gcc,0,20,1
FALSE,26.79,2.6,20,10.59,1.38,97,hpc,0,20,1
FALSE,0,0,40,24.69,4.84,98,ec,0,0,0
FALSE,23.97,2.55,40,9.59,4.84,98,ecc,0,40,1
FALSE,0,0,40,8.38,4.67,98,er,40,0,0
FALSE,23.97,2.55,40,7.32,4.67,98,erc,40,40,1
FALSE,0,0,40,26.86,1.89,98,gc,0,0,0
TRUE,23.97,2.55,40,6.88,1.89,98,gcc,0,40,1
FALSE,23.97,2.55,40,8.87,1.53,98,hpc,0,40,1
FALSE,0,0,70,21.38,3.45,99,ec,0,0,0
FALSE,24.49,2.56,70,4.83,3.45,99,ecc,0,70,1
FALSE,0,0,70,5.94,3.14,99,er,70,0,0
FALSE,24.49,2.56,70,6.28,3.14,99,erc,70,70,1
FALSE,0,0,70,20.85,2.28,99,gc,0,0,0
FALSE,24.49,2.56,70,7.21,2.28,99,gcc,0,70,1
TRUE,24.49,2.56,70,8.8,1.07,99,hpc,0,70,1
FALSE,0,0,20,27.78,4,100,ec,0,0,0
FALSE,24.83,2.4,20,9.27,4,100,ecc,0,20,1
TRUE,0,0,20,9.01,3.35,100,er,20,0,0
FALSE,24.83,2.4,20,8.51,3.35,100,erc,20,20,1
FALSE,0,0,20,23.32,2.28,100,gc,0,0,0
FALSE,24.83,2.4,20,6.88,2.28,100,gcc,0,20,1
FALSE,24.83,2.4,20,10.4,1.79,100,hpc,0,20,1
FALSE,0,0,50,26.27,4.78,101,ec,0,0,0
FALSE,19.38,2.84,50,9.51,4.78,101,ecc,0,50,1
FALSE,0,0,50,6.73,4.42,101,er,50,0,0
FALSE,19.38,2.84,50,9.34,4.42,101,erc,50,50,1
FALSE,0,0,50,25.34,2.61,101,gc,0,0,0
TRUE,19.38,2.84,50,8.79,2.61,101,gcc,0,50,1
FALSE,19.38,2.84,50,11.09,1.75,101,hpc,0,50,1
FALSE,0,0,40,25.61,3.63,102,ec,0,0,0
FALSE,27.12,2.54,40,8.43,3.63,102,ecc,0,40,1
FALSE,0,0,40,8.83,4.14,102,er,40,0,0
FALSE,27.12,2.54,40,9.99,4.14,102,erc,40,40,1
FALSE,0,0,40,27.42,2.26,102,gc,0,0,0
TRUE,27.12,2.54,40,7.7,2.26,102,gcc,0,40,1
FALSE,27.12,2.54,40,9.41,1.72,102,hpc,0,40,1
FALSE,0,0,40,20.66,3.99,103,ec,0,0,0
FALSE,29.61,2.92,40,11.02,3.99,103,ecc,0,40,1
FALSE,0,0,40,8.9,3.27,103,er,40,0,0
FALSE,29.61,2.92,40,9.58,3.27,103,erc,40,40,1
FALSE,0,0,40,30.44,2.08,103,gc,0,0,0
TRUE,29.61,2.92,40,9.94,2.08,103,gcc,0,40,1
FALSE,29.61,2.92,40,9.33,1.54,103,hpc,0,40,1
FALSE,0,0,40,18.02,3.21,104,ec,0,0,0
FALSE,23.9,2.54,40,5.95,3.21,104,ecc,0,40,1
FALSE,0,0,40,7.25,3.81,104,er,40,0,0
FALSE,23.9,2.54,40,6.17,3.81,104,erc,40,40,1
FALSE,0,0,40,22.65,1.9,104,gc,0,0,0
TRUE,23.9,2.54,40,7.07,1.9,104,gcc,0,40,1
FALSE,23.9,2.54,40,8.97,1.09,104,hpc,0,40,1
FALSE,0,0,50,22.23,3.21,105,ec,0,0,0
FALSE,22.41,2.47,50,7.44,3.21,105,ecc,0,50,1
FALSE,0,0,50,8.05,3.85,105,er,50,0,0
FALSE,22.41,2.47,50,7.02,3.85,105,erc,50,50,1
FALSE,0,0,50,27.16,2.64,105,gc,0,0,0
TRUE,22.41,2.47,50,7.72,2.64,105,gcc,0,50,1
FALSE,22.41,2.47,50,8.87,1.96,105,hpc,0,50,1
FALSE,0,0,30,28.75,3.67,106,ec,0,0,0
FALSE,20.27,2.54,30,8.14,3.67,106,ecc,0,30,1
FALSE,0,0,30,9.65,3.99,106,er,30,0,0
FALSE,20.27,2.54,30,7.54,3.99,106,erc,30,30,1
FALSE,0,0,30,32.46,2.32,106,gc,0,0,0
TRUE,20.27,2.54,30,7.01,2.32,106,gcc,0,30,1
FALSE,20.27,2.54,30,12.87,1.38,106,hpc,0,30,1
FALSE,0,0,70,27.95,4.68,107,ec,0,0,0
FALSE,23.41,2.31,70,7.77,4.68,107,ecc,0,70,1
FALSE,0,0,70,9.65,4.33,107,er,70,0,0
FALSE,23.41,2.31,70,7.72,4.33,107,erc,70,70,1
FALSE,0,0,70,25.52,3.09,107,gc,0,0,0
FALSE,23.41,2.31,70,9.35,3.09,107,gcc,0,70,1
TRUE,23.41,2.31,70,10.99,1.71,107,hpc,0,70,1
FALSE,0,0,50,27.76,3.23,108,ec,0,0,0
FALSE,32.5,1.94,50,9.13,3.23,108,ecc,0,50,1
FALSE,0,0,50,7.11,4.22,108,er,50,0,0
FALSE,32.5,1.94,50,9.24,4.22,108,erc,50,50,1
FALSE,0,0,50,29.52,2.18,108,gc,0,0,0
TRUE,32.5,1.94,50,8.03,2.18,108,gcc,0,50,1
FALSE,32.5,1.94,50,11.82,1.16,108,hpc,0,50,1
FALSE,0,0,50,23.79,4.34,109,ec,0,0,0
FALSE,24.3,2.5,50,7.71,4.34,109,ecc,0,50,1
FALSE,0,0,50,6.12,4.08,109,er,50,0,0
FALSE,24.3,2.5,50,8.25,4.08,109,erc,50,50,1
FALSE,0,0,50,29.43,2.49,109,gc,0,0,0
TRUE,24.3,2.5,50,9.24,2.49,109,gcc,0,50,1
FALSE,24.3,2.5,50,9.52,1.88,109,hpc,0,50,1
FALSE,0,0,70,27.02,4.13,110,ec,0,0,0
FALSE,24.27,2.33,70,7.85,4.13,110,ecc,0,70,1
FALSE,0,0,70,8.01,3.67,110,er,70,0,0
FALSE,24.27,2.33,70,8.85,3.67,110,erc,70,70,1
FALSE,0,0,70,20.61,2.52,110,gc,0,0,0
TRUE,24.27,2.33,70,8.93,2.52,110,gcc,0,70,1
FALSE,24.27,2.33,70,9.45,1.5,110,hpc,0,70,1
FALSE,0,0,30,24.48,5.18,111,ec,0,0,0
FALSE,25.91,2.34,30,8.04,5.18,111,ecc,0,30,1
FALSE,0,0,30,7.7,4.18,111,er,30,0,0
FALSE,25.91,2.34,30,6.92,4.18,111,erc,30,30,1
TRUE,0,0,30,20,2.45,111,gc,0,0,0
FALSE,25.91,2.34,30,7.5,2.45,111,gcc,0,30,1
FALSE,25.91,2.34,30,10.38,1.73,111,hpc,0,30,1
FALSE,0,0,30,21.75,5.04,112,ec,0,0,0
FALSE,28.38,2.45,30,6.02,5.04,112,ecc,0,30,1
FALSE,0,0,30,5.17,3.48,112,er,30,0,0
FALSE,28.38,2.45,30,6.85,3.48,112,erc,30,30,1
FALSE,0,0,30,26.11,2.23,112,gc,0,0,0
TRUE,28.38,2.45,30,5.07,2.23,112,gcc,0,30,1
FALSE,28.38,2.45,30,9.6,1.29,112,hpc,0,30,1
FALSE,0,0,50,26.55,4.67,113,ec,0,0,0
FALSE,25.38,2.06,50,6.81,4.67,113,ecc,0,50,1
FALSE,0,0,50,9.33,3.9,113,er,50,0,0
FALSE,25.38,2.06,50,8.66,3.9,113,erc,50,50,1
FALSE,0,0,50,30.65,2.43,113,gc,0,0,0
TRUE,25.38,2.06,50,7.15,2.43,113,gcc,0,50,1
FALSE,25.38,2.06,50,13.17,1.44,113,hpc,0,50,1
FALSE,0,0,70,25.2,4.86,114,ec,0,0,0
FALSE,24.48,2.3,70,9.92,4.86,114,ecc,0,70,1
FALSE,0,0,70,6.59,4.37,114,er,70,0,0
FALSE,24.48,2.3,70,8.22,4.37,114,erc,70,70,1
FALSE,0,0,70,22.96,2.61,114,gc,0,0,0
FALSE,24.48,2.3,70,8.44,2.61,114,gcc,0,70,1
TRUE,24.48,2.3,70,9.96,1.52,114,hpc,0,70,1
FALSE,0,0,20,17.83,4.04,115,ec,0,0,0
FALSE,29.43,2.47,20,6.44,4.04,115,ecc,0,20,1
FALSE,0,0,20,6.24,4.2,115,er,20,0,0
FALSE,29.43,2.47,20,6.52,4.2,115,erc,20,20,1
TRUE,0,0,20,21.3,2.6,115,gc,0,0,0
FALSE,29.43,2.47,20,7.43,2.6,115,gcc,0,20,1
FALSE,29.43,2.47,20,9.17,1.85,115,hpc,0,20,1
FALSE,0,0,50,19.92,3.6,116,ec,0,0,0
FALSE,28.31,2.37,50,7.05,3.6,116,ecc,0,50,1
FALSE,0,0,50,8.01,3.54,116,er,50,0,0
FALSE,28.31,2.37,50,7.61,3.54,116,erc,50,50,1
FALSE,0,0,50,20.03,2.15,116,gc,0,0,0
TRUE,28.31,2.37,50,6.68,2.15,116,gcc,0,50,1
FALSE,28.31,2.37,50,11.22,1.52,116,hpc,0,50,1
FALSE,0,0,60,26.37,4.55,117,ec,0,0,0
FALSE,31.09,2.7,60,8.37,4.55,117,ecc,0,60,1
FALSE,0,0,60,7.03,4.15,117,er,60,0,0
FALSE,31.09,2.7,60,8.74,4.15,117,erc,60,60,1
FALSE,0,0,60,30.26,2.41,117,gc,0,0,0
TRUE,31.09,2.7,60,8.78,2.41,117,gcc,0,60,1
FALSE,31.09,2.7,60,10.32,1.9,117,hpc,0,60,1
FALSE,0,0,70,30.77,4.52,118,ec,0,0,0
FALSE,25.23,2.63,70,8.45,4.52,118,ecc,0,70,1
FALSE,0,0,70,8.45,4.71,118,er,70,0,0
FALSE,25.23,2.63,70,7.37,4.71,118,erc,70,70,1
FALSE,0,0,70,23.6,2.27,118,gc,0,0,0
TRUE,25.23,2.63,70,6.9,2.27,118,gcc,0,70,1
FALSE,25.23,2.63,70,11.47,1.61,118,hpc,0,70,1
FALSE,0,0,60,27.38,4.32,119,ec,0,0,0
FALSE,22.69,2.52,60,7.38,4.32,119,ecc,0,60,1
FALSE,0,0,60,9.37,3.21,119,er,60,0,0
FALSE,22.69,2.52,60,7.91,3.21,119,erc,60,60,1
FALSE,0,0,60,25.4,2.6,119,gc,0,0,0
TRUE,22.69,2.52,60,6.7,2.6,119,gcc,0,60,1
FALSE,22.69,2.52,60,12.4,1.51,119,hpc,0,60,1
FALSE,0,0,50,28.43,3.46,120,ec,0,0,0
FALSE,30.42,2.14,50,8.97,3.46,120,ecc,0,50,1
FALSE,0,0,50,9.48,3.72,120,er,50,0,0
FALSE,30.42,2.14,50,8.54,3.72,120,erc,50,50,1
FALSE,0,0,50,30.65,1.91,120,gc,0,0,0
TRUE,30.42,2.14,50,8.66,1.91,120,gcc,0,50,1
FALSE,30.42,2.14,50,11.27,1.36,120,hpc,0,50,1
FALSE,0,0,50,22.34,3.81,121,ec,0,0,0
FALSE,23.9,2.65,50,8.48,3.81,121,ecc,0,50,1
FALSE,0,0,50,7.04,3.66,121,er,50,0,0
FALSE,23.9,2.65,50,5.07,3.66,121,erc,50,50,1
FALSE,0,0,50,25.05,2.28,121,gc,0,0,0
TRUE,23.9,2.65,50,7.37,2.28,121,gcc,0,50,1
FALSE,23.9,2.65,50,7.3,1.46,121,hpc,0,50,1
FALSE,0,0,40,25.64,5.65,122,ec,0,0,0
FALSE,24.29,2.59,40,7.67,5.65,122,ecc,0,40,1
FALSE,0,0,40,7.4,4.56,122,er,40,0,0
FALSE,24.29,2.59,40,10.01,4.56,122,erc,40,40,1
FALSE,0,0,40,25.46,2.65,122,gc,0,0,0
TRUE,24.29,2.59,40,8.38,2.65,122,gcc,0,40,1
FALSE,24.29,2.59,40,11.03,1.41,122,hpc,0,40,1
FALSE,0,0,40,28.47,3.57,123,ec,0,0,0
FALSE,19.16,2.72,40,8.22,3.57,123,ecc,0,40,1
FALSE,0,0,40,8.2,4.44,123,er,40,0,0
FALSE,19.16,2.72,40,6.88,4.44,123,erc,40,40,1
FALSE,0,0,40,22.94,1.81,123,gc,0,0,0
TRUE,19.16,2.72,40,7.18,1.81,123,gcc,0,40,1
FALSE,19.16,2.72,40,10.36,1.28,123,hpc,0,40,1
FALSE,0,0,40,30.22,3.84,124,ec,0,0,0
FALSE,27.74,1.96,40,8.39,3.84,124,ecc,0,40,1
FALSE,0,0,40,8.3,4.55,124,er,40,0,0
FALSE,27.74,1.96,40,5.99,4.55,124,erc,40,40,1
FALSE,0,0,40,26.33,2.05,124,gc,0,0,0
TRUE,27.74,1.96,40,7.84,2.05,124,gcc,0,40,1
FALSE,27.74,1.96,40,14.47,1.62,124,hpc,0,40,1
FALSE,0,0,70,21.64,4.3,125,ec,0,0,0
FALSE,26.09,2.56,70,8.09,4.3,125,ecc,0,70,1
FALSE,0,0,70,7.6,5.03,125,er,70,0,0
FALSE,26.09,2.56,70,8.59,5.03,125,erc,70,70,1
FALSE,0,0,70,17.9,2.4,125,gc,0,0,0
TRUE,26.09,2.56,70,8.24,2.4,125,gcc,0,70,1
FALSE,26.09,2.56,70,9.44,1.9,125,hpc,0,70,1
FALSE,0,0,70,21.61,3.51,126,ec,0,0,0
FALSE,24.42,2.41,70,9.02,3.51,126,ecc,0,70,1
FALSE,0,0,70,6.46,4.15,126,er,70,0,0
FALSE,24.42,2.41,70,7.35,4.15,126,erc,70,70,1
FALSE,0,0,70,24.67,2.67,126,gc,0,0,0
FALSE,24.42,2.41,70,8.69,2.67,126,gcc,0,70,1
TRUE,24.42,2.41,70,9.71,1.46,126,hpc,0,70,1
FALSE,0,0,50,26.84,4.63,127,ec,0,0,0
FALSE,27.88,2.1,50,9.24,4.63,127,ecc,0,50,1
FALSE,0,0,50,8.03,3.58,127,er,50,0,0
FALSE,27.88,2.1,50,9.55,3.58,127,erc,50,50,1
FALSE,0,0,50,20.28,2.11,127,gc,0,0,0
TRUE,27.88,2.1,50,9.13,2.11,127,gcc,0,50,1
FALSE,27.88,2.1,50,9.61,1.43,127,hpc,0,50,1
FALSE,0,0,40,29.73,5.09,128,ec,0,0,0
FALSE,20.37,2.53,40,10.13,5.09,128,ecc,0,40,1
FALSE,0,0,40,6.41,3.86,128,er,40,0,0
FALSE,20.37,2.53,40,8.55,3.86,128,erc,40,40,1
FALSE,0,0,40,28.2,2.22,128,gc,0,0,0
TRUE,20.37,2.53,40,9.48,2.22,128,gcc,0,40,1
FALSE,20.37,2.53,40,9.74,1.64,128,hpc,0,40,1
FALSE,0,0,60,26.06,4.65,129,ec,0,0,0
FALSE,27.69,2.24,60,8.41,4.65,129,ecc,0,60,1
FALSE,0,0,60,7.03,4.46,129,er,60,0,0
FALSE,27.69,2.24,60,7.57,4.46,129,erc,60,60,1
FALSE,0,0,60,25.86,2.39,129,gc,0,0,0
TRUE,27.69,2.24,60,7.41,2.39,129,gcc,0,60,1
FALSE,27.69,2.24,60,11.45,1.78,129,hpc,0,60,1
FALSE,0,0,50,23.81,4,130,ec,0,0,0
FALSE,25.89,2.37,50,6.94,4,130,ecc,0,50,1
FALSE,0,0,50,7.83,4.39,130,er,50,0,0
FALSE,25.89,2.37,50,9.02,4.39,130,erc,50,50,1
FALSE,0,0,50,22.98,2.32,130,gc,0,0,0
TRUE,25.89,2.37,50,7.05,2.32,130,gcc,0,50,1
FALSE,25.89,2.37,50,11.62,1.45,130,hpc,0,50,1
FALSE,0,0,70,29.44,4.65,131,ec,0,0,0
FALSE,26.32,3.02,70,7.93,4.65,131,ecc,0,70,1
FALSE,0,0,70,6.17,3.98,131,er,70,0,0
FALSE,26.32,3.02,70,7.41,3.98,131,erc,70,70,1
FALSE,0,0,70,31.65,3.18,131,gc,0,0,0
TRUE,26.32,3.02,70,9.2,3.18,131,gcc,0,70,1
FALSE,26.32,3.02,70,11.88,1.41,131,hpc,0,70,1
FALSE,0,0,70,20.6,4.08,132,ec,0,0,0
FALSE,23.12,2.21,70,7.07,4.08,132,ecc,0,70,1
FALSE,0,0,70,8.88,3.92,132,er,70,0,0
FALSE,23.12,2.21,70,5.97,3.92,132,erc,70,70,1
FALSE,0,0,70,17.82,2.51,132,gc,0,0,0
FALSE,23.12,2.21,70,8.13,2.51,132,gcc,0,70,1
TRUE,23.12,2.21,70,12.21,1.69,132,hpc,0,70,1
FALSE,0,0,60,20.32,4.52,133,ec,0,0,0
FALSE,17,2.79,60,8.46,4.52,133,ecc,0,60,1
FALSE,0,0,60,7.7,4.32,133,er,60,0,0
FALSE,17,2.79,60,8.16,4.32,133,erc,60,60,1
FALSE,0,0,60,25.33,2.26,133,gc,0,0,0
TRUE,17,2.79,60,6.33,2.26,133,gcc,0,60,1
FALSE,17,2.79,60,11.09,1.63,133,hpc,0,60,1
FALSE,0,0,50,28.16,3.64,134,ec,0,0,0
TRUE,28.69,2.38,50,7.17,3.64,134,ecc,0,50,1
FALSE,0,0,50,8.76,4.87,134,er,50,0,0
FALSE,28.69,2.38,50,9.39,4.87,134,erc,50,50,1
FALSE,0,0,50,29.67,2.49,134,gc,0,0,0
FALSE,28.69,2.38,50,11.18,2.49,134,gcc,0,50,1
FALSE,28.69,2.38,50,13.29,1.61,134,hpc,0,50,1
FALSE,0,0,70,27.79,3.7,135,ec,0,0,0
FALSE,27.43,2.76,70,8.51,3.7,135,ecc,0,70,1
FALSE,0,0,70,8.67,3.94,135,er,70,0,0
FALSE,27.43,2.76,70,7.58,3.94,135,erc,70,70,1
FALSE,0,0,70,21.63,2.19,135,gc,0,0,0
TRUE,27.43,2.76,70,7.67,2.19,135,gcc,0,70,1
FALSE,27.43,2.76,70,10.04,1.22,135,hpc,0,70,1
FALSE,0,0,30,25.03,3.84,136,ec,0,0,0
FALSE,23.61,2.7,30,8.75,3.84,136,ecc,0,30,1
FALSE,0,0,30,7.26,3.58,136,er,30,0,0
FALSE,23.61,2.7,30,9.09,3.58,136,erc,30,30,1
FALSE,0,0,30,34.2,2.68,136,gc,0,0,0
TRUE,23.61,2.7,30,7.24,2.68,136,gcc,0,30,1
FALSE,23.61,2.7,30,12.45,1.6,136,hpc,0,30,1
FALSE,0,0,50,26.24,3.8,137,ec,0,0,0
FALSE,28.82,2.6,50,7.43,3.8,137,ecc,0,50,1
FALSE,0,0,50,7.87,3.91,137,er,50,0,0
FALSE,28.82,2.6,50,9.48,3.91,137,erc,50,50,1
FALSE,0,0,50,33.24,2.13,137,gc,0,0,0
TRUE,28.82,2.6,50,7.94,2.13,137,gcc,0,50,1
FALSE,28.82,2.6,50,10.45,1.68,137,hpc,0,50,1
FALSE,0,0,40,27.92,4.53,138,ec,0,0,0
FALSE,19.73,2.52,40,8.19,4.53,138,ecc,0,40,1
FALSE,0,0,40,6.95,5.04,138,er,40,0,0
FALSE,19.73,2.52,40,8.79,5.04,138,erc,40,40,1
FALSE,0,0,40,29.79,2.38,138,gc,0,0,0
TRUE,19.73,2.52,40,7.63,2.38,138,gcc,0,40,1
FALSE,19.73,2.52,40,10.44,1.75,138,hpc,0,40,1
FALSE,0,0,40,21.41,4.34,139,ec,0,0,0
FALSE,28.15,2.85,40,6.94,4.34,139,ecc,0,40,1
FALSE,0,0,40,6.65,4.22,139,er,40,0,0
FALSE,28.15,2.85,40,6.43,4.22,139,erc,40,40,1
FALSE,0,0,40,21.67,2.25,139,gc,0,0,0
TRUE,28.15,2.85,40,7.86,2.25,139,gcc,0,40,1
FALSE,28.15,2.85,40,8.41,1.49,139,hpc,0,40,1
FALSE,0,0,50,27.45,4.53,140,ec,0,0,0
FALSE,22.69,2.61,50,8.76,4.53,140,ecc,0,50,1
FALSE,0,0,50,7.83,3.69,140,er,50,0,0
FALSE,22.69,2.61,50,7.52,3.69,140,erc,50,50,1
FALSE,0,0,50,28.8,2.06,140,gc,0,0,0
TRUE,22.69,2.61,50,9.13,2.06,140,gcc,0,50,1
FALSE,22.69,2.61,50,10.63,1.48,140,hpc,0,50,1
FALSE,0,0,70,28.32,4.15,141,ec,0,0,0
FALSE,22.69,2.12,70,8.9,4.15,141,ecc,0,70,1
FALSE,0,0,70,6.99,3.65,141,er,70,0,0
FALSE,22.69,2.12,70,7.68,3.65,141,erc,70,70,1
FALSE,0,0,70,21.81,2.18,141,gc,0,0,0
FALSE,22.69,2.12,70,7.03,2.18,141,gcc,0,70,1
TRUE,22.69,2.12,70,9.04,1.09,141,hpc,0,70,1
FALSE,0,0,50,27.38,4.47,142,ec,0,0,0
FALSE,26.02,2.51,50,8.79,4.47,142,ecc,0,50,1
FALSE,0,0,50,9.21,4.92,142,er,50,0,0
FALSE,26.02,2.51,50,9.29,4.92,142,erc,50,50,1
FALSE,0,0,50,28.63,2.44,142,gc,0,0,0
TRUE,26.02,2.51,50,10.04,2.44,142,gcc,0,50,1
FALSE,26.02,2.51,50,11.6,2.03,142,hpc,0,50,1
FALSE,0,0,50,27.13,3.86,143,ec,0,0,0
FALSE,24.76,2.38,50,7.15,3.86,143,ecc,0,50,1
FALSE,0,0,50,6.77,3.07,143,er,50,0,0
FALSE,24.76,2.38,50,8.21,3.07,143,erc,50,50,1
FALSE,0,0,50,23.6,1.04,143,gc,0,0,0
TRUE,24.76,2.38,50,9.82,1.04,143,gcc,0,50,1
FALSE,24.76,2.38,50,11.81,1.13,143,hpc,0,50,1
FALSE,0,0,60,30.03,3.98,144,ec,0,0,0
FALSE,34.21,2.27,60,7.98,3.98,144,ecc,0,60,1
FALSE,0,0,60,8.17,3.82,144,er,60,0,0
FALSE,34.21,2.27,60,6.52,3.82,144,erc,60,60,1
FALSE,0,0,60,20.69,2.5,144,gc,0,0,0
TRUE,34.21,2.27,60,8.01,2.5,144,gcc,0,60,1
FALSE,34.21,2.27,60,9.99,1.66,144,hpc,0,60,1
FALSE,0,0,30,24.73,4.6,145,ec,0,0,0
FALSE,24.71,2.5,30,5.49,4.6,145,ecc,0,30,1
FALSE,0,0,30,5.38,4.58,145,er,30,0,0
FALSE,24.71,2.5,30,6.53,4.58,145,erc,30,30,1
FALSE,0,0,30,17.49,2.59,145,gc,0,0,0
TRUE,24.71,2.5,30,5.86,2.59,145,gcc,0,30,1
FALSE,24.71,2.5,30,11.2,1.66,145,hpc,0,30,1
FALSE,0,0,40,24.71,4.69,146,ec,0,0,0
FALSE,24.61,2.43,40,9.49,4.69,146,ecc,0,40,1
FALSE,0,0,40,7.27,4.34,146,er,40,0,0
FALSE,24.61,2.43,40,7.81,4.34,146,erc,40,40,1
FALSE,0,0,40,25.15,2.47,146,gc,0,0,0
TRUE,24.61,2.43,40,8.06,2.47,146,gcc,0,40,1
FALSE,24.61,2.43,40,10.98,1.57,146,hpc,0,40,1
FALSE,0,0,40,24.77,3.56,147,ec,0,0,0
FALSE,25.79,2.98,40,8.64,3.56,147,ecc,0,40,1
FALSE,0,0,40,7.87,4.55,147,er,40,0,0
FALSE,25.79,2.98,40,6.63,4.55,147,erc,40,40,1
FALSE,0,0,40,23.63,2.51,147,gc,0,0,0
TRUE,25.79,2.98,40,7.67,2.51,147,gcc,0,40,1
FALSE,25.79,2.98,40,11.37,1.43,147,hpc,0,40,1
FALSE,0,0,20,35.12,4.56,148,ec,0,0,0
FALSE,26.87,2.04,20,7.37,4.56,148,ecc,0,20,1
FALSE,0,0,20,8.1,4.05,148,er,20,0,0
FALSE,26.87,2.04,20,9.42,4.05,148,erc,20,20,1
TRUE,0,0,20,21.19,1.51,148,gc,0,0,0
FALSE,26.87,2.04,20,9.09,1.51,148,gcc,0,20,1
FALSE,26.87,2.04,20,9.47,1.04,148,hpc,0,20,1
FALSE,0,0,40,23.58,3.94,149,ec,0,0,0
FALSE,30.8,2.72,40,7.59,3.94,149,ecc,0,40,1
FALSE,0,0,40,7.61,3.94,149,er,40,0,0
FALSE,30.8,2.72,40,8.53,3.94,149,erc,40,40,1
FALSE,0,0,40,21.85,2.42,149,gc,0,0,0
TRUE,30.8,2.72,40,9.43,2.42,149,gcc,0,40,1
FALSE,30.8,2.72,40,9.22,1.54,149,hpc,0,40,1
FALSE,0,0,20,36.12,4.67,150,ec,0,0,0
FALSE,22.39,2.79,20,8.87,4.67,150,ecc,0,20,1
FALSE,0,0,20,8.81,4.66,150,er,20,0,0
FALSE,22.39,2.79,20,8.19,4.66,150,erc,20,20,1
FALSE,0,0,20,27.23,2.29,150,gc,0,0,0
TRUE,22.39,2.79,20,8.02,2.29,150,gcc,0,20,1
FALSE,22.39,2.79,20,11.41,1.57,150,hpc,0,20,1
FALSE,0,0,20,23.99,4.04,151,ec,0,0,0
FALSE,26.84,2.53,20,8.85,4.04,151,ecc,0,20,1
FALSE,0,0,20,7.15,3.72,151,er,20,0,0
FALSE,26.84,2.53,20,7.45,3.72,151,erc,20,20,1
TRUE,0,0,20,23.77,1.94,151,gc,0,0,0
FALSE,26.84,2.53,20,6.57,1.94,151,gcc,0,20,1
FALSE,26.84,2.53,20,10.95,1.26,151,hpc,0,20,1
FALSE,0,0,20,27.02,5,152,ec,0,0,0
FALSE,28.23,2.64,20,11.43,5,152,ecc,0,20,1
TRUE,0,0,20,6.86,5.03,152,er,20,0,0
FALSE,28.23,2.64,20,6.64,5.03,152,erc,20,20,1
FALSE,0,0,20,23.67,2.48,152,gc,0,0,0
FALSE,28.23,2.64,20,7.32,2.48,152,gcc,0,20,1
FALSE,28.23,2.64,20,10.28,1.52,152,hpc,0,20,1
FALSE,0,0,30,21.19,2.85,153,ec,0,0,0
FALSE,20.58,3.01,30,9.08,2.85,153,ecc,0,30,1
FALSE,0,0,30,4.83,4.44,153,er,30,0,0
FALSE,20.58,3.01,30,9.11,4.44,153,erc,30,30,1
FALSE,0,0,30,24.73,2.1,153,gc,0,0,0
FALSE,20.58,3.01,30,8.12,2.1,153,gcc,0,30,1
TRUE,20.58,3.01,30,9.43,1.32,153,hpc,0,30,1
FALSE,0,0,70,29.91,3.71,154,ec,0,0,0
FALSE,25.87,2.51,70,5.63,3.71,154,ecc,0,70,1
FALSE,0,0,70,6.45,3.82,154,er,70,0,0
FALSE,25.87,2.51,70,9.14,3.82,154,erc,70,70,1
FALSE,0,0,70,19.85,2.39,154,gc,0,0,0
TRUE,25.87,2.51,70,5.46,2.39,154,gcc,0,70,1
FALSE,25.87,2.51,70,10.63,2.07,154,hpc,0,70,1
FALSE,0,0,50,27.04,3.9,155,ec,0,0,0
FALSE,26.01,2.06,50,8.84,3.9,155,ecc,0,50,1
FALSE,0,0,50,9.4,4.38,155,er,50,0,0
FALSE,26.01,2.06,50,7.91,4.38,155,erc,50,50,1
FALSE,0,0,50,31.07,2.8,155,gc,0,0,0
FALSE,26.01,2.06,50,8.21,2.8,155,gcc,0,50,1
TRUE,26.01,2.06,50,10.61,1.59,155,hpc,0,50,1
FALSE,0,0,20,29.73,3.21,156,ec,0,0,0
FALSE,30.52,2.38,20,7.85,3.21,156,ecc,0,20,1
FALSE,0,0,20,7.81,4.09,156,er,20,0,0
FALSE,30.52,2.38,20,9.2,4.09,156,erc,20,20,1
TRUE,0,0,20,19.28,2.04,156,gc,0,0,0
FALSE,30.52,2.38,20,7.8,2.04,156,gcc,0,20,1
FALSE,30.52,2.38,20,9.69,1.58,156,hpc,0,20,1
FALSE,0,0,60,23.62,4.03,157,ec,0,0,0
FALSE,26.71,2.25,60,9.18,4.03,157,ecc,0,60,1
FALSE,0,0,60,8.33,3.83,157,er,60,0,0
FALSE,26.71,2.25,60,7.73,3.83,157,erc,60,60,1
FALSE,0,0,60,23.38,2.27,157,gc,0,0,0
TRUE,26.71,2.25,60,9.05,2.27,157,gcc,0,60,1
FALSE,26.71,2.25,60,9.22,1.42,157,hpc,0,60,1
FALSE,0,0,30,19.25,3.96,158,ec,0,0,0
FALSE,26.59,2.67,30,7.18,3.96,158,ecc,0,30,1
FALSE,0,0,30,7.22,4.19,158,er,30,0,0
FALSE,26.59,2.67,30,6.81,4.19,158,erc,30,30,1
TRUE,0,0,30,20.53,2.18,158,gc,0,0,0
FALSE,26.59,2.67,30,5.83,2.18,158,gcc,0,30,1
FALSE,26.59,2.67,30,8.31,1.18,158,hpc,0,30,1
FALSE,0,0,40,23.61,3.94,159,ec,0,0,0
FALSE,31.63,2.68,40,9,3.94,159,ecc,0,40,1
FALSE,0,0,40,5.5,3.28,159,er,40,0,0
FALSE,31.63,2.68,40,6.66,3.28,159,erc,40,40,1
FALSE,0,0,40,27.3,2.09,159,gc,0,0,0
TRUE,31.63,2.68,40,4.48,2.09,159,gcc,0,40,1
FALSE,31.63,2.68,40,9.09,1.52,159,hpc,0,40,1
FALSE,0,0,60,22.25,4.47,160,ec,0,0,0
FALSE,26.44,2.35,60,8.55,4.47,160,ecc,0,60,1
FALSE,0,0,60,7.51,4.39,160,er,60,0,0
FALSE,26.44,2.35,60,9.03,4.39,160,erc,60,60,1
FALSE,0,0,60,27.05,2.94,160,gc,0,0,0
TRUE,26.44,2.35,60,9,2.94,160,gcc,0,60,1
FALSE,26.44,2.35,60,9.04,2.07,160,hpc,0,60,1
FALSE,0,0,40,31.7,3.2,161,ec,0,0,0
FALSE,22.57,2.82,40,6.66,3.2,161,ecc,0,40,1
FALSE,0,0,40,7.93,3.76,161,er,40,0,0
FALSE,22.57,2.82,40,5.7,3.76,161,erc,40,40,1
FALSE,0,0,40,21.38,2.21,161,gc,0,0,0
TRUE,22.57,2.82,40,7.77,2.21,161,gcc,0,40,1
FALSE,22.57,2.82,40,9.16,1.22,161,hpc,0,40,1
FALSE,0,0,70,22.43,4.03,162,ec,0,0,0
FALSE,23.96,2.29,70,9.67,4.03,162,ecc,0,70,1
FALSE,0,0,70,6.66,3.65,162,er,70,0,0
FALSE,23.96,2.29,70,8.16,3.65,162,erc,70,70,1
FALSE,0,0,70,19.71,2.25,162,gc,0,0,0
TRUE,23.96,2.29,70,8,2.25,162,gcc,0,70,1
FALSE,23.96,2.29,70,12.74,1.43,162,hpc,0,70,1
FALSE,0,0,20,24.34,4.45,163,ec,0,0,0
FALSE,19.47,2.29,20,10.34,4.45,163,ecc,0,20,1
FALSE,0,0,20,9,4.4,163,er,20,0,0
FALSE,19.47,2.29,20,8.06,4.4,163,erc,20,20,1
TRUE,0,0,20,18.52,2.33,163,gc,0,0,0
FALSE,19.47,2.29,20,7.38,2.33,163,gcc,0,20,1
FALSE,19.47,2.29,20,10.91,1.53,163,hpc,0,20,1
FALSE,0,0,20,25.94,3.1,164,ec,0,0,0
FALSE,24.53,2.42,20,6.64,3.1,164,ecc,0,20,1
FALSE,0,0,20,7.98,3.75,164,er,20,0,0
FALSE,24.53,2.42,20,8.28,3.75,164,erc,20,20,1
TRUE,0,0,20,24,2.2,164,gc,0,0,0
FALSE,24.53,2.42,20,7.96,2.2,164,gcc,0,20,1
FALSE,24.53,2.42,20,10.92,1.61,164,hpc,0,20,1
FALSE,0,0,20,28.01,4.77,165,ec,0,0,0
FALSE,23.99,2.96,20,9.66,4.77,165,ecc,0,20,1
FALSE,0,0,20,7.15,3.84,165,er,20,0,0
FALSE,23.99,2.96,20,9.15,3.84,165,erc,20,20,1
TRUE,0,0,20,20.51,2.27,165,gc,0,0,0
FALSE,23.99,2.96,20,6.51,2.27,165,gcc,0,20,1
FALSE,23.99,2.96,20,10.62,1.66,165,hpc,0,20,1
FALSE,0,0,40,25.9,4.17,166,ec,0,0,0
FALSE,29.79,2.21,40,9.16,4.17,166,ecc,0,40,1
FALSE,0,0,40,8.2,3.98,166,er,40,0,0
FALSE,29.79,2.21,40,9.18,3.98,166,erc,40,40,1
FALSE,0,0,40,28.86,2.37,166,gc,0,0,0
TRUE,29.79,2.21,40,9.48,2.37,166,gcc,0,40,1
FALSE,29.79,2.21,40,12.38,1.54,166,hpc,0,40,1
FALSE,0,0,30,22.73,2.66,167,ec,0,0,0
TRUE,20.66,2.65,30,9.46,2.66,167,ecc,0,30,1
FALSE,0,0,30,9.03,4.02,167,er,30,0,0
FALSE,20.66,2.65,30,8.98,4.02,167,erc,30,30,1
FALSE,0,0,30,21.84,2.93,167,gc,0,0,0
FALSE,20.66,2.65,30,5.94,2.93,167,gcc,0,30,1
FALSE,20.66,2.65,30,11.05,1.37,167,hpc,0,30,1
FALSE,0,0,30,33.25,3.63,168,ec,0,0,0
FALSE,29.55,2.87,30,9.51,3.63,168,ecc,0,30,1
FALSE,0,0,30,8.23,4.47,168,er,30,0,0
FALSE,29.55,2.87,30,10.37,4.47,168,erc,30,30,1
FALSE,0,0,30,29.22,2.58,168,gc,0,0,0
TRUE,29.55,2.87,30,8.9,2.58,168,gcc,0,30,1
FALSE,29.55,2.87,30,12.74,1.57,168,hpc,0,30,1
FALSE,0,0,20,24.2,4.13,169,ec,0,0,0
FALSE,23.34,2.39,20,8.67,4.13,169,ecc,0,20,1
FALSE,0,0,20,9.21,4.06,169,er,20,0,0
FALSE,23.34,2.39,20,6.03,4.06,169,erc,20,20,1
FALSE,0,0,20,31.72,1.85,169,gc,0,0,0
TRUE,23.34,2.39,20,5.77,1.85,169,gcc,0,20,1
FALSE,23.34,2.39,20,10.51,1.56,169,hpc,0,20,1
FALSE,0,0,20,24.05,4.38,170,ec,0,0,0
FALSE,25.42,2.82,20,7.23,4.38,170,ecc,0,20,1
FALSE,0,0,20,9.57,4.68,170,er,20,0,0
FALSE,25.42,2.82,20,8.01,4.68,170,erc,20,20,1
TRUE,0,0,20,21.13,2.42,170,gc,0,0,0
FALSE,25.42,2.82,20,7.64,2.42,170,gcc,0,20,1
FALSE,25.42,2.82,20,8.2,1.35,170,hpc,0,20,1
FALSE,0,0,30,20.5,3.73,171,ec,0,0,0
FALSE,23.12,2.67,30,7.6,3.73,171,ecc,0,30,1
FALSE,0,0,30,7.5,4.05,171,er,30,0,0
FALSE,23.12,2.67,30,6.98,4.05,171,erc,30,30,1
FALSE,0,0,30,22,1.86,171,gc,0,0,0
TRUE,23.12,2.67,30,7.62,1.86,171,gcc,0,30,1
FALSE,23.12,2.67,30,11.56,1.89,171,hpc,0,30,1
FALSE,0,0,20,30.82,4.49,172,ec,0,0,0
FALSE,22.39,2.91,20,7.58,4.49,172,ecc,0,20,1
FALSE,0,0,20,7.98,5.19,172,er,20,0,0
FALSE,22.39,2.91,20,10.57,5.19,172,erc,20,20,1
FALSE,0,0,20,26.91,2.24,172,gc,0,0,0
TRUE,22.39,2.91,20,7.55,2.24,172,gcc,0,20,1
FALSE,22.39,2.91,20,11.23,1.94,172,hpc,0,20,1
FALSE,0,0,50,23.57,3.52,173,ec,0,0,0
FALSE,31.03,1.65,50,8.39,3.52,173,ecc,0,50,1
FALSE,0,0,50,8.18,4.6,173,er,50,0,0
FALSE,31.03,1.65,50,7.27,4.6,173,erc,50,50,1
FALSE,0,0,50,22.07,2.48,173,gc,0,0,0
TRUE,31.03,1.65,50,7.63,2.48,173,gcc,0,50,1
FALSE,31.03,1.65,50,9.35,1.35,173,hpc,0,50,1
FALSE,0,0,70,27.68,4.2,174,ec,0,0,0
FALSE,25.7,2.55,70,9.3,4.2,174,ecc,0,70,1
FALSE,0,0,70,7.55,3.75,174,er,70,0,0
FALSE,25.7,2.55,70,7.7,3.75,174,erc,70,70,1
FALSE,0,0,70,29.27,2.27,174,gc,0,0,0
TRUE,25.7,2.55,70,8.09,2.27,174,gcc,0,70,1
FALSE,25.7,2.55,70,8.8,1.43,174,hpc,0,70,1
FALSE,0,0,20,19.91,3.54,175,ec,0,0,0
FALSE,25.2,2.94,20,8.14,3.54,175,ecc,0,20,1
FALSE,0,0,20,5.94,4.88,175,er,20,0,0
FALSE,25.2,2.94,20,6.88,4.88,175,erc,20,20,1
TRUE,0,0,20,19.43,2.35,175,gc,0,0,0
FALSE,25.2,2.94,20,7.64,2.35,175,gcc,0,20,1
FALSE,25.2,2.94,20,10.35,1.44,175,hpc,0,20,1
FALSE,0,0,60,23.2,4.46,176,ec,0,0,0
FALSE,31.36,2.86,60,7.23,4.46,176,ecc,0,60,1
FALSE,0,0,60,6.4,3.03,176,er,60,0,0
FALSE,31.36,2.86,60,8.65,3.03,176,erc,60,60,1
FALSE,0,0,60,24.97,1.78,176,gc,0,0,0
TRUE,31.36,2.86,60,5.52,1.78,176,gcc,0,60,1
FALSE,31.36,2.86,60,10.56,1.39,176,hpc,0,60,1
FALSE,0,0,40,20.26,3.86,177,ec,0,0,0
TRUE,24.05,2.64,40,7.11,3.86,177,ecc,0,40,1
FALSE,0,0,40,8.16,3.89,177,er,40,0,0
FALSE,24.05,2.64,40,7.13,3.89,177,erc,40,40,1
FALSE,0,0,40,23.2,2.24,177,gc,0,0,0
FALSE,24.05,2.64,40,8.24,2.24,177,gcc,0,40,1
FALSE,24.05,2.64,40,9.14,1.44,177,hpc,0,40,1
FALSE,0,0,30,30.99,4.67,178,ec,0,0,0
FALSE,18.99,2.5,30,9.97,4.67,178,ecc,0,30,1
FALSE,0,0,30,10.34,3.75,178,er,30,0,0
FALSE,18.99,2.5,30,7.92,3.75,178,erc,30,30,1
FALSE,0,0,30,24.3,2.18,178,gc,0,0,0
TRUE,18.99,2.5,30,9.74,2.18,178,gcc,0,30,1
FALSE,18.99,2.5,30,9.64,1.7,178,hpc,0,30,1
FALSE,0,0,30,29.96,4.29,179,ec,0,0,0
FALSE,29.69,2.64,30,7.1,4.29,179,ecc,0,30,1
FALSE,0,0,30,7.15,3.94,179,er,30,0,0
FALSE,29.69,2.64,30,6.95,3.94,179,erc,30,30,1
FALSE,0,0,30,20.73,2.46,179,gc,0,0,0
FALSE,29.69,2.64,30,5.95,2.46,179,gcc,0,30,1
TRUE,29.69,2.64,30,8.33,1.63,179,hpc,0,30,1
FALSE,0,0,60,18.53,4.46,180,ec,0,0,0
FALSE,25.53,2.96,60,7.41,4.46,180,ecc,0,60,1
FALSE,0,0,60,6.6,4.01,180,er,60,0,0
FALSE,25.53,2.96,60,8.42,4.01,180,erc,60,60,1
FALSE,0,0,60,28.17,1.75,180,gc,0,0,0
TRUE,25.53,2.96,60,7.17,1.75,180,gcc,0,60,1
FALSE,25.53,2.96,60,12.26,1.34,180,hpc,0,60,1
FALSE,0,0,30,25.39,3.71,181,ec,0,0,0
FALSE,21.03,2.25,30,5.95,3.71,181,ecc,0,30,1
FALSE,0,0,30,7.63,4.39,181,er,30,0,0
FALSE,21.03,2.25,30,8.12,4.39,181,erc,30,30,1
FALSE,0,0,30,21.82,2.08,181,gc,0,0,0
TRUE,21.03,2.25,30,6.82,2.08,181,gcc,0,30,1
FALSE,21.03,2.25,30,11.72,1.58,181,hpc,0,30,1
FALSE,0,0,50,26.19,3.81,182,ec,0,0,0
FALSE,23.99,2.72,50,7.95,3.81,182,ecc,0,50,1
FALSE,0,0,50,8.19,4.79,182,er,50,0,0
FALSE,23.99,2.72,50,5.84,4.79,182,erc,50,50,1
FALSE,0,0,50,23.78,2.39,182,gc,0,0,0
FALSE,23.99,2.72,50,7.32,2.39,182,gcc,0,50,1
TRUE,23.99,2.72,50,6.74,1.35,182,hpc,0,50,1
FALSE,0,0,20,32.34,3.27,183,ec,0,0,0
FALSE,19.95,2.86,20,7.75,3.27,183,ecc,0,20,1
FALSE,0,0,20,8.69,4.17,183,er,20,0,0
FALSE,19.95,2.86,20,9.84,4.17,183,erc,20,20,1
FALSE,0,0,20,31.74,2.36,183,gc,0,0,0
TRUE,19.95,2.86,20,8.94,2.36,183,gcc,0,20,1
FALSE,19.95,2.86,20,10.03,1.35,183,hpc,0,20,1
FALSE,0,0,60,29.58,4.3,184,ec,0,0,0
FALSE,28.11,2.2,60,8.72,4.3,184,ecc,0,60,1
FALSE,0,0,60,8.83,3.41,184,er,60,0,0
FALSE,28.11,2.2,60,6.95,3.41,184,erc,60,60,1
FALSE,0,0,60,25.81,2.54,184,gc,0,0,0
TRUE,28.11,2.2,60,7.1,2.54,184,gcc,0,60,1
FALSE,28.11,2.2,60,8.54,1.7,184,hpc,0,60,1
FALSE,0,0,30,23.49,4.17,185,ec,0,0,0
FALSE,26.34,2.35,30,6.72,4.17,185,ecc,0,30,1
FALSE,0,0,30,8.4,4.06,185,er,30,0,0
FALSE,26.34,2.35,30,10.8,4.06,185,erc,30,30,1
FALSE,0,0,30,21.97,2.15,185,gc,0,0,0
TRUE,26.34,2.35,30,8.78,2.15,185,gcc,0,30,1
FALSE,26.34,2.35,30,12.23,1.59,185,hpc,0,30,1
FALSE,0,0,60,22.37,4.05,186,ec,0,0,0
FALSE,23.35,3.19,60,8.87,4.05,186,ecc,0,60,1
FALSE,0,0,60,7.07,4.59,186,er,60,0,0
FALSE,23.35,3.19,60,7.89,4.59,186,erc,60,60,1
FALSE,0,0,60,26.02,2.43,186,gc,0,0,0
TRUE,23.35,3.19,60,8.74,2.43,186,gcc,0,60,1
FALSE,23.35,3.19,60,10.67,1.54,186,hpc,0,60,1
FALSE,0,0,30,29.64,3.87,187,ec,0,0,0
FALSE,22.59,2.85,30,8.57,3.87,187,ecc,0,30,1
FALSE,0,0,30,10.06,3.96,187,er,30,0,0
FALSE,22.59,2.85,30,7.86,3.96,187,erc,30,30,1
TRUE,0,0,30,25.94,2,187,gc,0,0,0
FALSE,22.59,2.85,30,8.58,2,187,gcc,0,30,1
FALSE,22.59,2.85,30,11.57,1.7,187,hpc,0,30,1
FALSE,0,0,30,29.01,4.35,188,ec,0,0,0
FALSE,26.76,2.45,30,8.63,4.35,188,ecc,0,30,1
FALSE,0,0,30,8.39,3.73,188,er,30,0,0
FALSE,26.76,2.45,30,8.96,3.73,188,erc,30,30,1
FALSE,0,0,30,25.78,2.79,188,gc,0,0,0
FALSE,26.76,2.45,30,8.48,2.79,188,gcc,0,30,1
TRUE,26.76,2.45,30,11.16,1.86,188,hpc,0,30,1
FALSE,0,0,70,26.92,4.19,189,ec,0,0,0
FALSE,22.42,2.44,70,7.55,4.19,189,ecc,0,70,1
FALSE,0,0,70,8.75,4.39,189,er,70,0,0
FALSE,22.42,2.44,70,7.88,4.39,189,erc,70,70,1
FALSE,0,0,70,26.34,1.92,189,gc,0,0,0
TRUE,22.42,2.44,70,7.89,1.92,189,gcc,0,70,1
FALSE,22.42,2.44,70,12.98,1.58,189,hpc,0,70,1
FALSE,0,0,60,23.89,4.26,190,ec,0,0,0
FALSE,25.02,2.3,60,9,4.26,190,ecc,0,60,1
FALSE,0,0,60,7.35,3.72,190,er,60,0,0
FALSE,25.02,2.3,60,10.49,3.72,190,erc,60,60,1
FALSE,0,0,60,34.05,2.05,190,gc,0,0,0
TRUE,25.02,2.3,60,7.21,2.05,190,gcc,0,60,1
FALSE,25.02,2.3,60,11.34,1.94,190,hpc,0,60,1
FALSE,0,0,40,25.01,2.42,191,ec,0,0,0
FALSE,25.41,2.85,40,6.74,2.42,191,ecc,0,40,1
FALSE,0,0,40,6.74,4.41,191,er,40,0,0
FALSE,25.41,2.85,40,6.04,4.41,191,erc,40,40,1
FALSE,0,0,40,22.95,1.76,191,gc,0,0,0
TRUE,25.41,2.85,40,5.13,1.76,191,gcc,0,40,1
FALSE,25.41,2.85,40,8.77,1.04,191,hpc,0,40,1
FALSE,0,0,70,21.46,3.5,192,ec,0,0,0
FALSE,32.97,2.09,70,7.92,3.5,192,ecc,0,70,1
FALSE,0,0,70,7.02,4.93,192,er,70,0,0
FALSE,32.97,2.09,70,6.84,4.93,192,erc,70,70,1
FALSE,0,0,70,23.03,2.33,192,gc,0,0,0
TRUE,32.97,2.09,70,8.36,2.33,192,gcc,0,70,1
FALSE,32.97,2.09,70,11,1.23,192,hpc,0,70,1
FALSE,0,0,30,28.39,4.46,193,ec,0,0,0
FALSE,26.94,2.66,30,8.71,4.46,193,ecc,0,30,1
FALSE,0,0,30,8.07,3.9,193,er,30,0,0
FALSE,26.94,2.66,30,8.21,3.9,193,erc,30,30,1
TRUE,0,0,30,26.33,2.32,193,gc,0,0,0
FALSE,26.94,2.66,30,7.68,2.32,193,gcc,0,30,1
FALSE,26.94,2.66,30,12.31,1.58,193,hpc,0,30,1
FALSE,0,0,70,25.07,4.89,194,ec,0,0,0
FALSE,18.41,2.7,70,7.56,4.89,194,ecc,0,70,1
FALSE,0,0,70,7.08,4.36,194,er,70,0,0
FALSE,18.41,2.7,70,7.83,4.36,194,erc,70,70,1
FALSE,0,0,70,32.35,2.1,194,gc,0,0,0
TRUE,18.41,2.7,70,7.01,2.1,194,gcc,0,70,1
FALSE,18.41,2.7,70,11.75,1.52,194,hpc,0,70,1
FALSE,0,0,50,30.05,2.97,195,ec,0,0,0
FALSE,26.53,2.71,50,11.22,2.97,195,ecc,0,50,1
FALSE,0,0,50,8.74,4.23,195,er,50,0,0
FALSE,26.53,2.71,50,8.01,4.23,195,erc,50,50,1
FALSE,0,0,50,24.65,2.31,195,gc,0,0,0
TRUE,26.53,2.71,50,8.54,2.31,195,gcc,0,50,1
FALSE,26.53,2.71,50,11.67,1.7,195,hpc,0,50,1
FALSE,0,0,70,27.96,4.59,196,ec,0,0,0
FALSE,26.07,2.52,70,10.26,4.59,196,ecc,0,70,1
FALSE,0,0,70,7.88,3.9,196,er,70,0,0
FALSE,26.07,2.52,70,8.53,3.9,196,erc,70,70,1
FALSE,0,0,70,29.1,1.56,196,gc,0,0,0
TRUE,26.07,2.52,70,7.93,1.56,196,gcc,0,70,1
FALSE,26.07,2.52,70,11.37,1.69,196,hpc,0,70,1
FALSE,0,0,20,28.58,4.03,197,ec,0,0,0
FALSE,24.58,2.3,20,11.27,4.03,197,ecc,0,20,1
FALSE,0,0,20,10.03,4.35,197,er,20,0,0
FALSE,24.58,2.3,20,8.54,4.35,197,erc,20,20,1
FALSE,0,0,20,26.73,2.58,197,gc,0,0,0
TRUE,24.58,2.3,20,8.42,2.58,197,gcc,0,20,1
FALSE,24.58,2.3,20,12.39,1.32,197,hpc,0,20,1
FALSE,0,0,70,27.7,4.16,198,ec,0,0,0
FALSE,29.65,2.5,70,10.13,4.16,198,ecc,0,70,1
FALSE,0,0,70,9.92,5.06,198,er,70,0,0
FALSE,29.65,2.5,70,8.51,5.06,198,erc,70,70,1
FALSE,0,0,70,20.9,2.47,198,gc,0,0,0
TRUE,29.65,2.5,70,8.54,2.47,198,gcc,0,70,1
FALSE,29.65,2.5,70,12.47,1.56,198,hpc,0,70,1
FALSE,0,0,40,24.61,4.66,199,ec,0,0,0
FALSE,27.71,2.57,40,9.08,4.66,199,ecc,0,40,1
FALSE,0,0,40,9.53,4.14,199,er,40,0,0
FALSE,27.71,2.57,40,7.78,4.14,199,erc,40,40,1
FALSE,0,0,40,28.18,1.5,199,gc,0,0,0
TRUE,27.71,2.57,40,8.19,1.5,199,gcc,0,40,1
FALSE,27.71,2.57,40,10.69,1.63,199,hpc,0,40,1
TRUE,0,0,30,18.28,3.18,200,ec,0,0,0
FALSE,26.08,2.57,30,7.4,3.18,200,ecc,0,30,1
FALSE,0,0,30,6.45,4.65,200,er,30,0,0
FALSE,26.08,2.57,30,7.69,4.65,200,erc,30,30,1
FALSE,0,0,30,20.21,1.82,200,gc,0,0,0
FALSE,26.08,2.57,30,8.04,1.82,200,gcc,0,30,1
FALSE,26.08,2.57,30,8.93,1.33,200,hpc,0,30,1
FALSE,0,0,70,28.5,4.89,201,ec,0,0,0
FALSE,24.08,2.21,70,8.8,4.89,201,ecc,0,70,1
FALSE,0,0,70,7.85,3.54,201,er,70,0,0
FALSE,24.08,2.21,70,8.12,3.54,201,erc,70,70,1
FALSE,0,0,70,27.18,2.09,201,gc,0,0,0
TRUE,24.08,2.21,70,8.19,2.09,201,gcc,0,70,1
FALSE,24.08,2.21,70,9.94,1.7,201,hpc,0,70,1
FALSE,0,0,70,20.13,2.75,202,ec,0,0,0
FALSE,29.63,2.31,70,7.24,2.75,202,ecc,0,70,1
FALSE,0,0,70,6.79,4.28,202,er,70,0,0
FALSE,29.63,2.31,70,7.8,4.28,202,erc,70,70,1
FALSE,0,0,70,26.19,1.92,202,gc,0,0,0
TRUE,29.63,2.31,70,8.53,1.92,202,gcc,0,70,1
FALSE,29.63,2.31,70,11.17,1.04,202,hpc,0,70,1
FALSE,0,0,50,30.78,4.95,203,ec,0,0,0
FALSE,29.38,2.58,50,10.58,4.95,203,ecc,0,50,1
FALSE,0,0,50,7.11,4.6,203,er,50,0,0
FALSE,29.38,2.58,50,6.97,4.6,203,erc,50,50,1
FALSE,0,0,50,32.63,2.6,203,gc,0,0,0
TRUE,29.38,2.58,50,10.18,2.6,203,gcc,0,50,1
FALSE,29.38,2.58,50,10.93,1.49,203,hpc,0,50,1
FALSE,0,0,50,27.46,4.4,204,ec,0,0,0
FALSE,24.44,2.32,50,7.94,4.4,204,ecc,0,50,1
FALSE,0,0,50,8.24,3.64,204,er,50,0,0
FALSE,24.44,2.32,50,8.59,3.64,204,erc,50,50,1
FALSE,0,0,50,26.53,2.55,204,gc,0,0,0
TRUE,24.44,2.32,50,7.54,2.55,204,gcc,0,50,1
FALSE,24.44,2.32,50,9.53,1.47,204,hpc,0,50,1
FALSE,0,0,70,24.53,4.41,205,ec,0,0,0
FALSE,29.27,2.63,70,8.17,4.41,205,ecc,0,70,1
FALSE,0,0,70,8.89,4.32,205,er,70,0,0
FALSE,29.27,2.63,70,7.17,4.32,205,erc,70,70,1
FALSE,0,0,70,20.03,2.07,205,gc,0,0,0
TRUE,29.27,2.63,70,9.33,2.07,205,gcc,0,70,1
FALSE,29.27,2.63,70,10,1.93,205,hpc,0,70,1
FALSE,0,0,50,19.38,3.74,206,ec,0,0,0
FALSE,26.45,2.49,50,5.59,3.74,206,ecc,0,50,1
FALSE,0,0,50,7.32,4.69,206,er,50,0,0
FALSE,26.45,2.49,50,7.9,4.69,206,erc,50,50,1
FALSE,0,0,50,24.18,2.44,206,gc,0,0,0
TRUE,26.45,2.49,50,5.75,2.44,206,gcc,0,50,1
FALSE,26.45,2.49,50,11.03,1.7,206,hpc,0,50,1
FALSE,0,0,50,24.42,3.69,207,ec,0,0,0
FALSE,28.1,2.71,50,9.23,3.69,207,ecc,0,50,1
FALSE,0,0,50,7.66,4.35,207,er,50,0,0
FALSE,28.1,2.71,50,7.46,4.35,207,erc,50,50,1
FALSE,0,0,50,21.92,2.31,207,gc,0,0,0
TRUE,28.1,2.71,50,7.85,2.31,207,gcc,0,50,1
FALSE,28.1,2.71,50,8.58,1.13,207,hpc,0,50,1
FALSE,0,0,50,21.32,4.84,208,ec,0,0,0
FALSE,25.13,2.08,50,8.36,4.84,208,ecc,0,50,1
FALSE,0,0,50,6.55,4.96,208,er,50,0,0
FALSE,25.13,2.08,50,7.89,4.96,208,erc,50,50,1
FALSE,0,0,50,25.16,2.79,208,gc,0,0,0
TRUE,25.13,2.08,50,6.89,2.79,208,gcc,0,50,1
FALSE,25.13,2.08,50,11.46,1.74,208,hpc,0,50,1
FALSE,0,0,30,24.75,3.91,209,ec,0,0,0
FALSE,21.71,1.92,30,8.93,3.91,209,ecc,0,30,1
FALSE,0,0,30,8.77,3.81,209,er,30,0,0
FALSE,21.71,1.92,30,8.45,3.81,209,erc,30,30,1
FALSE,0,0,30,25.11,2.09,209,gc,0,0,0
TRUE,21.71,1.92,30,7.09,2.09,209,gcc,0,30,1
FALSE,21.71,1.92,30,11.33,1.35,209,hpc,0,30,1
FALSE,0,0,30,18.66,3.41,210,ec,0,0,0
FALSE,27.48,2.46,30,7.54,3.41,210,ecc,0,30,1
FALSE,0,0,30,7.59,3.27,210,er,30,0,0
FALSE,27.48,2.46,30,7.49,3.27,210,erc,30,30,1
FALSE,0,0,30,21.9,1.87,210,gc,0,0,0
TRUE,27.48,2.46,30,9.58,1.87,210,gcc,0,30,1
FALSE,27.48,2.46,30,10.29,1.33,210,hpc,0,30,1
FALSE,0,0,30,23.82,4.16,211,ec,0,0,0
FALSE,22.51,2.74,30,9.48,4.16,211,ecc,0,30,1
FALSE,0,0,30,9.31,5.3,211,er,30,0,0
FALSE,22.51,2.74,30,7.69,5.3,211,erc,30,30,1
FALSE,0,0,30,27.56,2.44,211,gc,0,0,0
TRUE,22.51,2.74,30,7.05,2.44,211,gcc,0,30,1
FALSE,22.51,2.74,30,10.91,1.46,211,hpc,0,30,1
FALSE,0,0,60,24.6,4.07,212,ec,0,0,0
FALSE,30.47,1.8,60,9.37,4.07,212,ecc,0,60,1
FALSE,0,0,60,7.96,3.18,212,er,60,0,0
FALSE,30.47,1.8,60,6.45,3.18,212,erc,60,60,1
FALSE,0,0,60,28.14,2.24,212,gc,0,0,0
TRUE,30.47,1.8,60,8.72,2.24,212,gcc,0,60,1
FALSE,30.47,1.8,60,12.72,1.04,212,hpc,0,60,1
FALSE,0,0,70,17.56,3.45,213,ec,0,0,0
FALSE,22.44,2.62,70,8.52,3.45,213,ecc,0,70,1
FALSE,0,0,70,6.77,3.76,213,er,70,0,0
FALSE,22.44,2.62,70,6.86,3.76,213,erc,70,70,1
FALSE,0,0,70,27.05,2.2,213,gc,0,0,0
TRUE,22.44,2.62,70,5.1,2.2,213,gcc,0,70,1
FALSE,22.44,2.62,70,9.88,1.31,213,hpc,0,70,1
FALSE,0,0,20,27.28,5.39,214,ec,0,0,0
FALSE,25.44,2.32,20,9.03,5.39,214,ecc,0,20,1
FALSE,0,0,20,9.58,4.03,214,er,20,0,0
FALSE,25.44,2.32,20,6.72,4.03,214,erc,20,20,1
TRUE,0,0,20,25.22,2.64,214,gc,0,0,0
FALSE,25.44,2.32,20,8.75,2.64,214,gcc,0,20,1
FALSE,25.44,2.32,20,11.75,1.79,214,hpc,0,20,1
FALSE,0,0,20,29.72,4.51,215,ec,0,0,0
FALSE,23.85,2.67,20,7.09,4.51,215,ecc,0,20,1
FALSE,0,0,20,8.38,3.77,215,er,20,0,0
FALSE,23.85,2.67,20,7.74,3.77,215,erc,20,20,1
FALSE,0,0,20,25.98,2.23,215,gc,0,0,0
TRUE,23.85,2.67,20,6.76,2.23,215,gcc,0,20,1
FALSE,23.85,2.67,20,9.15,1.65,215,hpc,0,20,1
FALSE,0,0,20,26.11,4.13,216,ec,0,0,0
FALSE,21.46,2.26,20,9,4.13,216,ecc,0,20,1
FALSE,0,0,20,9.61,3.72,216,er,20,0,0
FALSE,21.46,2.26,20,7.03,3.72,216,erc,20,20,1
FALSE,0,0,20,23.76,1.71,216,gc,0,0,0
TRUE,21.46,2.26,20,7.52,1.71,216,gcc,0,20,1
FALSE,21.46,2.26,20,11.8,1.04,216,hpc,0,20,1
FALSE,0,0,40,22.51,3.55,217,ec,0,0,0
FALSE,23.54,2.87,40,7.03,3.55,217,ecc,0,40,1
FALSE,0,0,40,5.63,4.49,217,er,40,0,0
FALSE,23.54,2.87,40,6.3,4.49,217,erc,40,40,1
FALSE,0,0,40,23.9,2.6,217,gc,0,0,0
TRUE,23.54,2.87,40,6.73,2.6,217,gcc,0,40,1
FALSE,23.54,2.87,40,8.22,1.34,217,hpc,0,40,1
FALSE,0,0,60,23.1,3.71,218,ec,0,0,0
FALSE,25.68,2.29,60,7.66,3.71,218,ecc,0,60,1
FALSE,0,0,60,6.2,3.13,218,er,60,0,0
FALSE,25.68,2.29,60,5.2,3.13,218,erc,60,60,1
FALSE,0,0,60,15.95,2.34,218,gc,0,0,0
TRUE,25.68,2.29,60,6.48,2.34,218,gcc,0,60,1
FALSE,25.68,2.29,60,8.19,1.64,218,hpc,0,60,1
FALSE,0,0,60,19.86,4.56,219,ec,0,0,0
FALSE,19.09,3.35,60,11.51,4.56,219,ecc,0,60,1
FALSE,0,0,60,6.7,4.31,219,er,60,0,0
FALSE,19.09,3.35,60,7.77,4.31,219,erc,60,60,1
FALSE,0,0,60,21.64,2.8,219,gc,0,0,0
FALSE,19.09,3.35,60,7.51,2.8,219,gcc,0,60,1
TRUE,19.09,3.35,60,11.37,1.8,219,hpc,0,60,1
FALSE,0,0,60,22.85,4.33,220,ec,0,0,0
FALSE,29.98,2.68,60,7.78,4.33,220,ecc,0,60,1
FALSE,0,0,60,8.2,3.46,220,er,60,0,0
FALSE,29.98,2.68,60,7.67,3.46,220,erc,60,60,1
FALSE,0,0,60,29.76,2.09,220,gc,0,0,0
TRUE,29.98,2.68,60,7.24,2.09,220,gcc,0,60,1
FALSE,29.98,2.68,60,9.74,1.57,220,hpc,0,60,1
FALSE,0,0,20,19.94,4.29,221,ec,0,0,0
FALSE,27.91,2.23,20,5.58,4.29,221,ecc,0,20,1
FALSE,0,0,20,6.02,5.29,221,er,20,0,0
FALSE,27.91,2.23,20,7.57,5.29,221,erc,20,20,1
TRUE,0,0,20,19.69,2.2,221,gc,0,0,0
FALSE,27.91,2.23,20,4.39,2.2,221,gcc,0,20,1
FALSE,27.91,2.23,20,9,1.92,221,hpc,0,20,1
FALSE,0,0,70,24.81,3.56,222,ec,0,0,0
FALSE,25.73,2.53,70,7.94,3.56,222,ecc,0,70,1
FALSE,0,0,70,8.62,4.11,222,er,70,0,0
FALSE,25.73,2.53,70,8.56,4.11,222,erc,70,70,1
FALSE,0,0,70,20.38,1.98,222,gc,0,0,0
TRUE,25.73,2.53,70,6.69,1.98,222,gcc,0,70,1
FALSE,25.73,2.53,70,11.24,1.03,222,hpc,0,70,1
FALSE,0,0,70,23.89,4.38,223,ec,0,0,0
FALSE,26.09,2.15,70,6.75,4.38,223,ecc,0,70,1
FALSE,0,0,70,7.4,3.59,223,er,70,0,0
FALSE,26.09,2.15,70,7.79,3.59,223,erc,70,70,1
FALSE,0,0,70,23.96,2.14,223,gc,0,0,0
TRUE,26.09,2.15,70,7.97,2.14,223,gcc,0,70,1
FALSE,26.09,2.15,70,11.72,1.29,223,hpc,0,70,1
FALSE,0,0,60,27.67,3.56,224,ec,0,0,0
FALSE,30.95,1.96,60,6.89,3.56,224,ecc,0,60,1
FALSE,0,0,60,6.94,3.01,224,er,60,0,0
FALSE,30.95,1.96,60,8.34,3.01,224,erc,60,60,1
FALSE,0,0,60,26.37,0.94,224,gc,0,0,0
TRUE,30.95,1.96,60,6.82,0.94,224,gcc,0,60,1
FALSE,30.95,1.96,60,11.07,1.23,224,hpc,0,60,1
FALSE,0,0,70,24.45,3.92,225,ec,0,0,0
FALSE,25.4,2.37,70,7.98,3.92,225,ecc,0,70,1
FALSE,0,0,70,7.37,5.27,225,er,70,0,0
FALSE,25.4,2.37,70,8.32,5.27,225,erc,70,70,1
FALSE,0,0,70,25.82,2.21,225,gc,0,0,0
TRUE,25.4,2.37,70,8.19,2.21,225,gcc,0,70,1
FALSE,25.4,2.37,70,10.9,1.66,225,hpc,0,70,1
FALSE,0,0,50,25.15,4.95,226,ec,0,0,0
FALSE,21.23,2.83,50,6.9,4.95,226,ecc,0,50,1
FALSE,0,0,50,7.3,5.27,226,er,50,0,0
FALSE,21.23,2.83,50,8.69,5.27,226,erc,50,50,1
FALSE,0,0,50,26.05,2.23,226,gc,0,0,0
TRUE,21.23,2.83,50,8.83,2.23,226,gcc,0,50,1
FALSE,21.23,2.83,50,11.41,1.91,226,hpc,0,50,1
FALSE,0,0,60,23.53,4.11,227,ec,0,0,0
FALSE,26.14,2.32,60,6.79,4.11,227,ecc,0,60,1
FALSE,0,0,60,8.77,4.63,227,er,60,0,0
FALSE,26.14,2.32,60,8.26,4.63,227,erc,60,60,1
FALSE,0,0,60,25.04,2.71,227,gc,0,0,0
FALSE,26.14,2.32,60,8.55,2.71,227,gcc,0,60,1
TRUE,26.14,2.32,60,9.27,1.49,227,hpc,0,60,1
FALSE,0,0,40,29.13,3.88,228,ec,0,0,0
FALSE,31.31,2.52,40,8.88,3.88,228,ecc,0,40,1
FALSE,0,0,40,8.65,3.86,228,er,40,0,0
FALSE,31.31,2.52,40,6.62,3.86,228,erc,40,40,1
FALSE,0,0,40,29.93,1.69,228,gc,0,0,0
TRUE,31.31,2.52,40,7.45,1.69,228,gcc,0,40,1
FALSE,31.31,2.52,40,9.01,1.53,228,hpc,0,40,1
FALSE,0,0,40,24.08,4.06,229,ec,0,0,0
FALSE,23.07,2.62,40,4.71,4.06,229,ecc,0,40,1
FALSE,0,0,40,6.89,3.57,229,er,40,0,0
FALSE,23.07,2.62,40,6.89,3.57,229,erc,40,40,1
FALSE,0,0,40,17.83,1.98,229,gc,0,0,0
TRUE,23.07,2.62,40,5.68,1.98,229,gcc,0,40,1
FALSE,23.07,2.62,40,9.5,1.66,229,hpc,0,40,1
FALSE,0,0,20,27.57,3.42,230,ec,0,0,0
FALSE,27.59,2.41,20,7.83,3.42,230,ecc,0,20,1
FALSE,0,0,20,5.23,4.99,230,er,20,0,0
FALSE,27.59,2.41,20,7.43,4.99,230,erc,20,20,1
FALSE,0,0,20,28.83,2.26,230,gc,0,0,0
FALSE,27.59,2.41,20,6.48,2.26,230,gcc,0,20,1
TRUE,27.59,2.41,20,9.7,1.62,230,hpc,0,20,1
FALSE,0,0,50,24.6,4.78,231,ec,0,0,0
FALSE,26.18,2.35,50,7.22,4.78,231,ecc,0,50,1
FALSE,0,0,50,8.25,4.74,231,er,50,0,0
FALSE,26.18,2.35,50,8.52,4.74,231,erc,50,50,1
FALSE,0,0,50,26.21,2.4,231,gc,0,0,0
TRUE,26.18,2.35,50,8.62,2.4,231,gcc,0,50,1
FALSE,26.18,2.35,50,9.47,1.42,231,hpc,0,50,1
FALSE,0,0,20,28.54,3.47,232,ec,0,0,0
FALSE,21.85,2.52,20,8.55,3.47,232,ecc,0,20,1
FALSE,0,0,20,9.51,4.53,232,er,20,0,0
FALSE,21.85,2.52,20,9.19,4.53,232,erc,20,20,1
FALSE,0,0,20,27.61,2.22,232,gc,0,0,0
TRUE,21.85,2.52,20,9.88,2.22,232,gcc,0,20,1
FALSE,21.85,2.52,20,12.25,1.72,232,hpc,0,20,1
FALSE,0,0,30,23.67,3.49,233,ec,0,0,0
FALSE,29.1,2.02,30,7.95,3.49,233,ecc,0,30,1
FALSE,0,0,30,7.44,4.03,233,er,30,0,0
FALSE,29.1,2.02,30,7.24,4.03,233,erc,30,30,1
FALSE,0,0,30,23.25,2.71,233,gc,0,0,0
TRUE,29.1,2.02,30,7.83,2.71,233,gcc,0,30,1
FALSE,29.1,2.02,30,11.43,1.69,233,hpc,0,30,1
FALSE,0,0,20,27.43,3.51,234,ec,0,0,0
FALSE,29.21,2.38,20,9.31,3.51,234,ecc,0,20,1
TRUE,0,0,20,8.52,3.48,234,er,20,0,0
FALSE,29.21,2.38,20,7.71,3.48,234,erc,20,20,1
FALSE,0,0,20,26.76,1.91,234,gc,0,0,0
FALSE,29.21,2.38,20,10.56,1.91,234,gcc,0,20,1
FALSE,29.21,2.38,20,12.45,1.16,234,hpc,0,20,1
FALSE,0,0,30,23.51,3.96,235,ec,0,0,0
FALSE,29.54,2.14,30,7.88,3.96,235,ecc,0,30,1
FALSE,0,0,30,7.96,3.55,235,er,30,0,0
FALSE,29.54,2.14,30,8.36,3.55,235,erc,30,30,1
FALSE,0,0,30,28.83,2.75,235,gc,0,0,0
TRUE,29.54,2.14,30,7.24,2.75,235,gcc,0,30,1
FALSE,29.54,2.14,30,9.91,1.24,235,hpc,0,30,1
FALSE,0,0,30,20.35,3.81,236,ec,0,0,0
FALSE,22.37,3.29,30,8.82,3.81,236,ecc,0,30,1
FALSE,0,0,30,6.59,4.19,236,er,30,0,0
FALSE,22.37,3.29,30,7.79,4.19,236,erc,30,30,1
FALSE,0,0,30,24.79,2.13,236,gc,0,0,0
TRUE,22.37,3.29,30,9.85,2.13,236,gcc,0,30,1
FALSE,22.37,3.29,30,9.87,1.58,236,hpc,0,30,1
FALSE,0,0,30,20.37,4.27,237,ec,0,0,0
FALSE,23.16,2.77,30,7.42,4.27,237,ecc,0,30,1
FALSE,0,0,30,4.85,4.43,237,er,30,0,0
FALSE,23.16,2.77,30,7.04,4.43,237,erc,30,30,1
FALSE,0,0,30,22.84,1.98,237,gc,0,0,0
TRUE,23.16,2.77,30,7.46,1.98,237,gcc,0,30,1
FALSE,23.16,2.77,30,8.73,1.49,237,hpc,0,30,1
FALSE,0,0,30,25.24,3.97,238,ec,0,0,0
FALSE,25.34,2.74,30,7.43,3.97,238,ecc,0,30,1
FALSE,0,0,30,6.76,3.33,238,er,30,0,0
FALSE,25.34,2.74,30,6.06,3.33,238,erc,30,30,1
FALSE,0,0,30,22.7,2.67,238,gc,0,0,0
FALSE,25.34,2.74,30,9.78,2.67,238,gcc,0,30,1
TRUE,25.34,2.74,30,7.06,1.57,238,hpc,0,30,1
FALSE,0,0,20,29.1,3.72,239,ec,0,0,0
FALSE,26.21,2.67,20,8.54,3.72,239,ecc,0,20,1
FALSE,0,0,20,8.56,4.31,239,er,20,0,0
FALSE,26.21,2.67,20,5.44,4.31,239,erc,20,20,1
TRUE,0,0,20,23.25,2.74,239,gc,0,0,0
FALSE,26.21,2.67,20,8.04,2.74,239,gcc,0,20,1
FALSE,26.21,2.67,20,12.9,1.74,239,hpc,0,20,1
FALSE,0,0,30,22.97,4.1,240,ec,0,0,0
FALSE,29.39,2.6,30,7.46,4.1,240,ecc,0,30,1
FALSE,0,0,30,5.88,3.92,240,er,30,0,0
FALSE,29.39,2.6,30,7.59,3.92,240,erc,30,30,1
TRUE,0,0,30,18.7,2.16,240,gc,0,0,0
FALSE,29.39,2.6,30,5.14,2.16,240,gcc,0,30,1
FALSE,29.39,2.6,30,10.46,1.38,240,hpc,0,30,1
FALSE,0,0,40,25.59,4.42,241,ec,0,0,0
FALSE,26.07,2.19,40,8.87,4.42,241,ecc,0,40,1
FALSE,0,0,40,6.84,4.88,241,er,40,0,0
FALSE,26.07,2.19,40,5.53,4.88,241,erc,40,40,1
FALSE,0,0,40,22.95,2.56,241,gc,0,0,0
TRUE,26.07,2.19,40,7.03,2.56,241,gcc,0,40,1
FALSE,26.07,2.19,40,10.65,1.64,241,hpc,0,40,1
FALSE,0,0,20,24.84,3.94,242,ec,0,0,0
FALSE,24.83,2.8,20,7.84,3.94,242,ecc,0,20,1
FALSE,0,0,20,7.11,4.31,242,er,20,0,0
FALSE,24.83,2.8,20,6.68,4.31,242,erc,20,20,1
TRUE,0,0,20,23.61,1.82,242,gc,0,0,0
FALSE,24.83,2.8,20,6.47,1.82,242,gcc,0,20,1
FALSE,24.83,2.8,20,8.82,1.27,242,hpc,0,20,1
FALSE,0,0,50,22.62,3.21,243,ec,0,0,0
FALSE,22.26,2.34,50,8.05,3.21,243,ecc,0,50,1
FALSE,0,0,50,7.17,3.47,243,er,50,0,0
FALSE,22.26,2.34,50,8.11,3.47,243,erc,50,50,1
FALSE,0,0,50,23.16,2.07,243,gc,0,0,0
TRUE,22.26,2.34,50,8.43,2.07,243,gcc,0,50,1
FALSE,22.26,2.34,50,9.63,1.05,243,hpc,0,50,1
FALSE,0,0,50,20.31,3.37,244,ec,0,0,0
FALSE,24.93,2.71,50,8.65,3.37,244,ecc,0,50,1
FALSE,0,0,50,5.9,4.19,244,er,50,0,0
FALSE,24.93,2.71,50,8.32,4.19,244,erc,50,50,1
FALSE,0,0,50,23.96,1.66,244,gc,0,0,0
TRUE,24.93,2.71,50,6.9,1.66,244,gcc,0,50,1
FALSE,24.93,2.71,50,11.44,1.65,244,hpc,0,50,1
FALSE,0,0,70,31.82,4.87,245,ec,0,0,0
FALSE,21.11,2.6,70,9.5,4.87,245,ecc,0,70,1
FALSE,0,0,70,7.49,3.96,245,er,70,0,0
FALSE,21.11,2.6,70,8.44,3.96,245,erc,70,70,1
FALSE,0,0,70,27.73,2.57,245,gc,0,0,0
TRUE,21.11,2.6,70,9.1,2.57,245,gcc,0,70,1
FALSE,21.11,2.6,70,11.06,2.12,245,hpc,0,70,1
FALSE,0,0,60,24.96,2.82,246,ec,0,0,0
TRUE,28.39,2.03,60,7.19,2.82,246,ecc,0,60,1
FALSE,0,0,60,6.21,2.99,246,er,60,0,0
FALSE,28.39,2.03,60,7.15,2.99,246,erc,60,60,1
FALSE,0,0,60,18.29,2.27,246,gc,0,0,0
FALSE,28.39,2.03,60,7.18,2.27,246,gcc,0,60,1
FALSE,28.39,2.03,60,7.79,1.35,246,hpc,0,60,1
FALSE,0,0,20,28.98,4.44,247,ec,0,0,0
FALSE,22.81,2.52,20,10.72,4.44,247,ecc,0,20,1
TRUE,0,0,20,9.98,3.98,247,er,20,0,0
FALSE,22.81,2.52,20,7.91,3.98,247,erc,20,20,1
FALSE,0,0,20,33.23,2.42,247,gc,0,0,0
FALSE,22.81,2.52,20,9.34,2.42,247,gcc,0,20,1
FALSE,22.81,2.52,20,12.24,1.54,247,hpc,0,20,1
FALSE,0,0,70,26.19,4.01,248,ec,0,0,0
FALSE,26.38,2.2,70,7.73,4.01,248,ecc,0,70,1
FALSE,0,0,70,9.46,4.17,248,er,70,0,0
FALSE,26.38,2.2,70,8.86,4.17,248,erc,70,70,1
FALSE,0,0,70,22.83,2.02,248,gc,0,0,0
TRUE,26.38,2.2,70,7.2,2.02,248,gcc,0,70,1
FALSE,26.38,2.2,70,12.55,1.64,248,hpc,0,70,1
FALSE,0,0,50,32.1,4.42,249,ec,0,0,0
FALSE,29.4,2.51,50,7.73,4.42,249,ecc,0,50,1
FALSE,0,0,50,7.27,3.77,249,er,50,0,0
FALSE,29.4,2.51,50,9.74,3.77,249,erc,50,50,1
FALSE,0,0,50,30.12,2.06,249,gc,0,0,0
TRUE,29.4,2.51,50,6.89,2.06,249,gcc,0,50,1
FALSE,29.4,2.51,50,11.81,1.25,249,hpc,0,50,1
FALSE,0,0,60,30.91,4.39,250,ec,0,0,0
FALSE,25.62,2.5,60,8.81,4.39,250,ecc,0,60,1
FALSE,0,0,60,6.98,4.24,250,er,60,0,0
FALSE,25.62,2.5,60,6.69,4.24,250,erc,60,60,1
FALSE,0,0,60,23.69,2.88,250,gc,0,0,0
TRUE,25.62,2.5,60,9.91,2.88,250,gcc,0,60,1
FALSE,25.62,2.5,60,8.17,1.63,250,hpc,0,60,1
